BCW-000270_00164_12	0748ccb582df61090ed38d479aaaf239	650	SUPERFAMILY	SSF55604		6	81	1.83E-16	T	20-04-2020	IPR036878	Glucose permease domain IIB	GO:0008982|GO:0009401
BCW-000270_00164_12	0748ccb582df61090ed38d479aaaf239	650	ProSiteProfiles	PS51103	PTS_EIIC type-1 domain profile.	121	483	47.74	T	20-04-2020	IPR013013	Phosphotransferase system, EIIC component, type 1	
BCW-000270_00164_12	0748ccb582df61090ed38d479aaaf239	650	PANTHER	PTHR30175		1	474	1.6E-149	T	20-04-2020
BCW-000270_00164_12	0748ccb582df61090ed38d479aaaf239	650	Gene3D	G3DSA:3.30.1360.60		1	76	2.5E-23	T	20-04-2020	IPR036878	Glucose permease domain IIB	GO:0008982|GO:0009401
BCW-000270_00164_12	0748ccb582df61090ed38d479aaaf239	650	PANTHER	PTHR30175:SF7		1	474	1.6E-149	T	20-04-2020
BCW-000270_00164_12	0748ccb582df61090ed38d479aaaf239	650	Pfam	PF00367	phosphotransferase system, EIIB	9	40	7.2E-11	T	20-04-2020	IPR018113	Phosphotransferase system EIIB, cysteine phosphorylation site	GO:0008982
BCW-000270_00164_12	0748ccb582df61090ed38d479aaaf239	650	TIGRFAM	TIGR01996	PTS-II-BC-sucr: PTS system, sucrose-specific IIBC component	2	467	2.4E-182	T	20-04-2020	IPR010973	Phosphotransferase system, sucrose-specific IIBC component	GO:0008982|GO:0009401|GO:0016021
BCW-000270_00164_12	0748ccb582df61090ed38d479aaaf239	650	ProSiteProfiles	PS51093	PTS_EIIA type-1 domain profile.	520	624	27.358	T	20-04-2020	IPR001127	Phosphotransferase system, sugar-specific permease EIIA type 1	GO:0009401
BCW-000270_00164_12	0748ccb582df61090ed38d479aaaf239	650	ProSitePatterns	PS01035	PTS EIIB domains cysteine phosphorylation site signature.	18	35	-	T	20-04-2020	IPR018113	Phosphotransferase system EIIB, cysteine phosphorylation site	GO:0008982
BCW-000270_00164_12	0748ccb582df61090ed38d479aaaf239	650	TIGRFAM	TIGR00830	PTBA: PTS system, glucose subfamily, IIA component	504	624	1.0E-42	T	20-04-2020	IPR001127	Phosphotransferase system, sugar-specific permease EIIA type 1	GO:0009401
BCW-000270_00164_12	0748ccb582df61090ed38d479aaaf239	650	CDD	cd00212	PTS_IIB_glc	3	81	2.57108E-25	T	20-04-2020	IPR018113	Phosphotransferase system EIIB, cysteine phosphorylation site	GO:0008982
BCW-000270_00164_12	0748ccb582df61090ed38d479aaaf239	650	ProSitePatterns	PS00371	PTS EIIA domains phosphorylation site signature 1.	566	578	-	T	20-04-2020	IPR001127	Phosphotransferase system, sugar-specific permease EIIA type 1	GO:0009401
BCW-000270_00164_12	0748ccb582df61090ed38d479aaaf239	650	Pfam	PF00358	phosphoenolpyruvate-dependent sugar phosphotransferase system, EIIA 1	503	627	2.4E-47	T	20-04-2020	IPR001127	Phosphotransferase system, sugar-specific permease EIIA type 1	GO:0009401
BCW-000270_00164_12	0748ccb582df61090ed38d479aaaf239	650	Pfam	PF02378	Phosphotransferase system, EIIC	111	409	6.8E-54	T	20-04-2020	IPR003352	Phosphotransferase system, EIIC	GO:0008982|GO:0009401|GO:0016020
BCW-000270_00164_12	0748ccb582df61090ed38d479aaaf239	650	TIGRFAM	TIGR00826	EIIB_glc: PTS system, glucose-like IIB component	27	111	4.9E-13	T	20-04-2020	IPR001996	Phosphotransferase system, IIB component, type 1	GO:0008982|GO:0009401
BCW-000270_00164_12	0748ccb582df61090ed38d479aaaf239	650	ProSiteProfiles	PS51098	PTS_EIIB type-1 domain profile.	3	86	18.701	T	20-04-2020	IPR001996	Phosphotransferase system, IIB component, type 1	GO:0008982|GO:0009401
BCW-000270_00164_12	0748ccb582df61090ed38d479aaaf239	650	Gene3D	G3DSA:2.70.70.10		497	649	3.0E-52	T	20-04-2020	IPR011055	Duplicated hybrid motif	
BCW-000270_00164_12	0748ccb582df61090ed38d479aaaf239	650	SUPERFAMILY	SSF51261		498	639	2.88E-51	T	20-04-2020	IPR011055	Duplicated hybrid motif	
BCW-000270_01342_7	03d12976e33ffc58dd8ccf1ccf257707	353	MobiDBLite	mobidb-lite	consensus disorder prediction	218	265	-	T	20-04-2020
BCW-000270_01342_7	03d12976e33ffc58dd8ccf1ccf257707	353	Pfam	PF06725	3D domain	293	352	1.2E-18	T	20-04-2020	IPR010611	3D domain	GO:0004553|GO:0009254|GO:0019867
BCW-000270_01342_7	03d12976e33ffc58dd8ccf1ccf257707	353	CDD	cd14667	3D_containing_proteins	270	352	8.44072E-30	T	20-04-2020
BCW-000270_01342_7	03d12976e33ffc58dd8ccf1ccf257707	353	Coils	Coil		43	91	-	T	20-04-2020
BCW-000270_01342_7	03d12976e33ffc58dd8ccf1ccf257707	353	Coils	Coil		175	209	-	T	20-04-2020
BCW-000270_01342_7	03d12976e33ffc58dd8ccf1ccf257707	353	SUPERFAMILY	SSF50685		293	341	8.37E-5	T	20-04-2020	IPR036908	RlpA-like domain superfamily	
BCW-000270_01342_7	03d12976e33ffc58dd8ccf1ccf257707	353	Coils	Coil		136	163	-	T	20-04-2020
BCW-000270_01342_7	03d12976e33ffc58dd8ccf1ccf257707	353	MobiDBLite	mobidb-lite	consensus disorder prediction	223	265	-	T	20-04-2020
BCW-000270_01342_7	03d12976e33ffc58dd8ccf1ccf257707	353	PANTHER	PTHR39160		14	352	6.1E-33	T	20-04-2020
BCW-000270_02427_5	1c5088aea74d4e370be087ed43cb6f15	382	TIGRFAM	TIGR00350	lytR_cpsA_psr: cell envelope-related function transcriptional attenuator common domain	84	233	2.9E-37	T	20-04-2020	IPR004474	Cell envelope-related transcriptional attenuator domain	
BCW-000270_02427_5	1c5088aea74d4e370be087ed43cb6f15	382	PANTHER	PTHR33392		3	330	2.3E-77	T	20-04-2020
BCW-000270_02427_5	1c5088aea74d4e370be087ed43cb6f15	382	Gene3D	G3DSA:1.10.260.150		47	347	5.9E-75	T	20-04-2020
BCW-000270_02427_5	1c5088aea74d4e370be087ed43cb6f15	382	Pfam	PF03816	Cell envelope-related transcriptional attenuator domain	84	233	3.1E-44	T	20-04-2020	IPR004474	Cell envelope-related transcriptional attenuator domain	
BCW-000270_02427_5	1c5088aea74d4e370be087ed43cb6f15	382	MobiDBLite	mobidb-lite	consensus disorder prediction	361	382	-	T	20-04-2020
BCW-000270_01313_4	2d02e9a90e5e6167b26068ddf7381c56	105	PANTHER	PTHR34382		1	104	5.0E-42	T	20-04-2020	IPR003188	Phosphotransferase system, lactose/cellobiose-type IIA subunit	GO:0009401
BCW-000270_01313_4	2d02e9a90e5e6167b26068ddf7381c56	105	PANTHER	PTHR34382:SF8		1	104	5.0E-42	T	20-04-2020
BCW-000270_01313_4	2d02e9a90e5e6167b26068ddf7381c56	105	Gene3D	G3DSA:1.20.58.80		1	105	3.3E-39	T	20-04-2020
BCW-000270_01313_4	2d02e9a90e5e6167b26068ddf7381c56	105	PIRSF	PIRSF000699		1	105	2.7E-40	T	20-04-2020	IPR003188	Phosphotransferase system, lactose/cellobiose-type IIA subunit	GO:0009401
BCW-000270_01313_4	2d02e9a90e5e6167b26068ddf7381c56	105	Pfam	PF02255	PTS system, Lactose/Cellobiose specific IIA subunit	10	101	5.8E-33	T	20-04-2020	IPR003188	Phosphotransferase system, lactose/cellobiose-type IIA subunit	GO:0009401
BCW-000270_01313_4	2d02e9a90e5e6167b26068ddf7381c56	105	ProSiteProfiles	PS51095	PTS_EIIA type-3 domain profile.	4	102	32.807	T	20-04-2020	IPR003188	Phosphotransferase system, lactose/cellobiose-type IIA subunit	GO:0009401
BCW-000270_01313_4	2d02e9a90e5e6167b26068ddf7381c56	105	CDD	cd00215	PTS_IIA_lac	6	102	1.80837E-43	T	20-04-2020	IPR003188	Phosphotransferase system, lactose/cellobiose-type IIA subunit	GO:0009401
BCW-000270_01313_4	2d02e9a90e5e6167b26068ddf7381c56	105	SUPERFAMILY	SSF46973		1	102	1.96E-33	T	20-04-2020	IPR036542	Phosphotransferase system, lactose/cellobiose-type IIA subunit superfamily	GO:0009401
BCW-000270_01313_4	2d02e9a90e5e6167b26068ddf7381c56	105	TIGRFAM	TIGR00823	EIIA-LAC: PTS system, lactose-specific IIa component	4	102	1.2E-47	T	20-04-2020	IPR003188	Phosphotransferase system, lactose/cellobiose-type IIA subunit	GO:0009401
BCW-000212_00505_2	1dd17dc6ba8a57aa3c7e8bb45e9cdbf8	100	Pfam	PF12840	Helix-turn-helix domain	6	75	1.2E-7	T	20-04-2020
BCW-000212_00505_2	1dd17dc6ba8a57aa3c7e8bb45e9cdbf8	100	CDD	cd00090	HTH_ARSR	7	86	3.22151E-15	T	20-04-2020	IPR011991	ArsR-like helix-turn-helix domain	
BCW-000212_00505_2	1dd17dc6ba8a57aa3c7e8bb45e9cdbf8	100	SMART	SM00418		5	94	5.7E-10	T	20-04-2020	IPR001845	HTH ArsR-type DNA-binding domain	GO:0003700|GO:0006355
BCW-000212_00505_2	1dd17dc6ba8a57aa3c7e8bb45e9cdbf8	100	PANTHER	PTHR33154:SF7		2	98	3.4E-24	T	20-04-2020
BCW-000212_00505_2	1dd17dc6ba8a57aa3c7e8bb45e9cdbf8	100	ProSiteProfiles	PS50987	ArsR-type HTH domain profile.	1	100	18.33	T	20-04-2020	IPR001845	HTH ArsR-type DNA-binding domain	GO:0003700|GO:0006355
BCW-000212_00505_2	1dd17dc6ba8a57aa3c7e8bb45e9cdbf8	100	Gene3D	G3DSA:1.10.10.10		1	99	2.5E-23	T	20-04-2020	IPR036388	Winged helix-like DNA-binding domain superfamily	
BCW-000212_00505_2	1dd17dc6ba8a57aa3c7e8bb45e9cdbf8	100	SUPERFAMILY	SSF46785		4	98	3.84E-20	T	20-04-2020	IPR036390	Winged helix DNA-binding domain superfamily	
BCW-000212_00505_2	1dd17dc6ba8a57aa3c7e8bb45e9cdbf8	100	PANTHER	PTHR33154		2	98	3.4E-24	T	20-04-2020
BCW-000270_01315_2	9461ff581db6734f0be9531d07d3385b	310	PIRSF	PIRSF000535		1	310	1.2E-128	T	20-04-2020	IPR017583	Tagatose/fructose phosphokinase	GO:0005975|GO:0016773
BCW-000270_01315_2	9461ff581db6734f0be9531d07d3385b	310	ProSitePatterns	PS00583	pfkB family of carbohydrate kinases signature 1.	36	60	-	T	20-04-2020	IPR002173	Carbohydrate/puine kinase, PfkB, conserved site	GO:0016773
BCW-000270_01315_2	9461ff581db6734f0be9531d07d3385b	310	Gene3D	G3DSA:3.40.1190.20		1	310	8.7E-110	T	20-04-2020	IPR029056	Ribokinase-like	
BCW-000270_01315_2	9461ff581db6734f0be9531d07d3385b	310	ProSitePatterns	PS00584	pfkB family of carbohydrate kinases signature 2.	248	261	-	T	20-04-2020	IPR002173	Carbohydrate/puine kinase, PfkB, conserved site	GO:0016773
BCW-000270_01315_2	9461ff581db6734f0be9531d07d3385b	310	Hamap	MF_01557	Tagatose-6-phosphate kinase [lacC].	1	310	59.928	T	20-04-2020	IPR005926	Tagatose-6-phosphate kinase	GO:0009024|GO:0019512
BCW-000270_01315_2	9461ff581db6734f0be9531d07d3385b	310	SUPERFAMILY	SSF53613		1	287	1.71E-65	T	20-04-2020	IPR029056	Ribokinase-like	
BCW-000270_01315_2	9461ff581db6734f0be9531d07d3385b	310	PANTHER	PTHR10584:SF178		2	310	5.4E-149	T	20-04-2020
BCW-000270_01315_2	9461ff581db6734f0be9531d07d3385b	310	PANTHER	PTHR10584		2	310	5.4E-149	T	20-04-2020
BCW-000270_01315_2	9461ff581db6734f0be9531d07d3385b	310	TIGRFAM	TIGR01231	lacC: tagatose-6-phosphate kinase	1	310	4.1E-184	T	20-04-2020	IPR005926	Tagatose-6-phosphate kinase	GO:0009024|GO:0019512
BCW-000270_01315_2	9461ff581db6734f0be9531d07d3385b	310	Pfam	PF00294	pfkB family carbohydrate kinase	21	292	4.9E-64	T	20-04-2020	IPR011611	Carbohydrate kinase PfkB	
BCW-000270_01315_2	9461ff581db6734f0be9531d07d3385b	310	TIGRFAM	TIGR03168	1-PFK: hexose kinase, 1-phosphofructokinase family	2	307	2.0E-96	T	20-04-2020	IPR017583	Tagatose/fructose phosphokinase	GO:0005975|GO:0016773
BCW-000270_01315_2	9461ff581db6734f0be9531d07d3385b	310	CDD	cd01164	FruK_PfkB_like	1	291	5.01962E-117	T	20-04-2020	IPR017583	Tagatose/fructose phosphokinase	GO:0005975|GO:0016773
BCW-000631_00798_2	7db29b355a1484723f8ff967070776bc	325	Pfam	PF01408	Oxidoreductase family, NAD-binding Rossmann fold	5	119	1.4E-20	T	20-04-2020	IPR000683	Oxidoreductase, N-terminal	GO:0016491
BCW-000631_00798_2	7db29b355a1484723f8ff967070776bc	325	SUPERFAMILY	SSF55347		127	291	2.45E-34	T	20-04-2020
BCW-000631_00798_2	7db29b355a1484723f8ff967070776bc	325	PANTHER	PTHR22604		3	276	1.9E-61	T	20-04-2020
BCW-000631_00798_2	7db29b355a1484723f8ff967070776bc	325	SUPERFAMILY	SSF51735		3	153	3.05E-41	T	20-04-2020	IPR036291	NAD(P)-binding domain superfamily	
BCW-000631_00798_2	7db29b355a1484723f8ff967070776bc	325	Coils	Coil		94	114	-	T	20-04-2020
BCW-000631_00798_2	7db29b355a1484723f8ff967070776bc	325	Gene3D	G3DSA:3.40.50.720		1	137	6.5E-34	T	20-04-2020
BCW-000631_00798_2	7db29b355a1484723f8ff967070776bc	325	Gene3D	G3DSA:3.30.360.10		138	324	9.2E-38	T	20-04-2020
BCW-000270_01145_5	ae0b14cb1b779f2be3ccba9315795463	527	Gene3D	G3DSA:3.30.420.40		16	261	1.4E-38	T	20-04-2020
BCW-000270_01145_5	ae0b14cb1b779f2be3ccba9315795463	527	PANTHER	PTHR43095		19	514	8.7E-96	T	20-04-2020
BCW-000270_01145_5	ae0b14cb1b779f2be3ccba9315795463	527	CDD	cd07778	FGGY_L-RBK_like	12	471	0.0	T	20-04-2020
BCW-000270_01145_5	ae0b14cb1b779f2be3ccba9315795463	527	Gene3D	G3DSA:3.30.420.40		262	525	3.2E-21	T	20-04-2020
BCW-000270_01145_5	ae0b14cb1b779f2be3ccba9315795463	527	Pfam	PF00370	FGGY family of carbohydrate kinases, N-terminal domain	19	258	3.8E-21	T	20-04-2020	IPR018484	Carbohydrate kinase, FGGY, N-terminal	GO:0005975|GO:0016773
BCW-000270_01145_5	ae0b14cb1b779f2be3ccba9315795463	527	PANTHER	PTHR43095:SF5		19	514	8.7E-96	T	20-04-2020
BCW-000270_01145_5	ae0b14cb1b779f2be3ccba9315795463	527	SUPERFAMILY	SSF53067		274	514	2.37E-15	T	20-04-2020
BCW-000270_01145_5	ae0b14cb1b779f2be3ccba9315795463	527	Pfam	PF02782	FGGY family of carbohydrate kinases, C-terminal domain	274	471	4.9E-29	T	20-04-2020	IPR018485	Carbohydrate kinase, FGGY, C-terminal	GO:0005975|GO:0016773
BCW-000270_01145_5	ae0b14cb1b779f2be3ccba9315795463	527	SUPERFAMILY	SSF53067		18	261	3.56E-32	T	20-04-2020
BCW-000631_00806_9	c5ddc8cc21ce313b6227c609a20e9271	659	Gene3D	G3DSA:3.90.550.10		96	314	6.2E-77	T	20-04-2020	IPR029044	Nucleotide-diphospho-sugar transferases	
BCW-000631_00806_9	c5ddc8cc21ce313b6227c609a20e9271	659	Pfam	PF03552	Cellulose synthase	278	382	1.4E-6	T	20-04-2020	IPR005150	Cellulose synthase	GO:0016020|GO:0016760|GO:0030244
BCW-000631_00806_9	c5ddc8cc21ce313b6227c609a20e9271	659	Pfam	PF00535	Glycosyl transferase family 2	106	276	1.2E-29	T	20-04-2020	IPR001173	Glycosyltransferase 2-like	
BCW-000631_00806_9	c5ddc8cc21ce313b6227c609a20e9271	659	PRINTS	PR01439	Cellulose synthase subunit A signature	29	49	8.1E-18	T	20-04-2020	IPR003919	Cellulose synthase, subunit A	GO:0006011|GO:0016020|GO:0016759|GO:0035438
BCW-000631_00806_9	c5ddc8cc21ce313b6227c609a20e9271	659	PRINTS	PR01439	Cellulose synthase subunit A signature	463	487	8.1E-18	T	20-04-2020	IPR003919	Cellulose synthase, subunit A	GO:0006011|GO:0016020|GO:0016759|GO:0035438
BCW-000631_00806_9	c5ddc8cc21ce313b6227c609a20e9271	659	PRINTS	PR01439	Cellulose synthase subunit A signature	112	131	8.1E-18	T	20-04-2020	IPR003919	Cellulose synthase, subunit A	GO:0006011|GO:0016020|GO:0016759|GO:0035438
BCW-000631_00806_9	c5ddc8cc21ce313b6227c609a20e9271	659	PRINTS	PR01439	Cellulose synthase subunit A signature	57	82	8.1E-18	T	20-04-2020	IPR003919	Cellulose synthase, subunit A	GO:0006011|GO:0016020|GO:0016759|GO:0035438
BCW-000631_00806_9	c5ddc8cc21ce313b6227c609a20e9271	659	PRINTS	PR01439	Cellulose synthase subunit A signature	354	380	8.1E-18	T	20-04-2020	IPR003919	Cellulose synthase, subunit A	GO:0006011|GO:0016020|GO:0016759|GO:0035438
BCW-000631_00806_9	c5ddc8cc21ce313b6227c609a20e9271	659	PRINTS	PR01439	Cellulose synthase subunit A signature	423	442	8.1E-18	T	20-04-2020	IPR003919	Cellulose synthase, subunit A	GO:0006011|GO:0016020|GO:0016759|GO:0035438
BCW-000631_00806_9	c5ddc8cc21ce313b6227c609a20e9271	659	PRINTS	PR01439	Cellulose synthase subunit A signature	499	520	8.1E-18	T	20-04-2020	IPR003919	Cellulose synthase, subunit A	GO:0006011|GO:0016020|GO:0016759|GO:0035438
BCW-000631_00806_9	c5ddc8cc21ce313b6227c609a20e9271	659	PANTHER	PTHR43867:SF2		23	589	9.7E-124	T	20-04-2020
BCW-000631_00806_9	c5ddc8cc21ce313b6227c609a20e9271	659	CDD	cd06421	CESA_CelA_like	103	335	5.90515E-110	T	20-04-2020
BCW-000631_00806_9	c5ddc8cc21ce313b6227c609a20e9271	659	Coils	Coil		656	659	-	T	20-04-2020
BCW-000631_00806_9	c5ddc8cc21ce313b6227c609a20e9271	659	PANTHER	PTHR43867		23	589	9.7E-124	T	20-04-2020
BCW-000631_00806_9	c5ddc8cc21ce313b6227c609a20e9271	659	SUPERFAMILY	SSF53448		102	386	2.57E-50	T	20-04-2020	IPR029044	Nucleotide-diphospho-sugar transferases	
BCW-000271_02510_3	e988e61f4dba607f7ad332286db44dc8	252	PANTHER	PTHR30050:SF4		4	243	9.4E-61	T	20-04-2020
BCW-000271_02510_3	e988e61f4dba607f7ad332286db44dc8	252	SUPERFAMILY	SSF52540		65	227	1.09E-25	T	20-04-2020	IPR027417	P-loop containing nucleoside triphosphate hydrolase	
BCW-000271_02510_3	e988e61f4dba607f7ad332286db44dc8	252	PANTHER	PTHR30050		4	243	9.4E-61	T	20-04-2020
BCW-000271_02510_3	e988e61f4dba607f7ad332286db44dc8	252	PIRSF	PIRSF003073		1	251	4.4E-79	T	20-04-2020	IPR028350	DNA replication protein DnaC/insertion sequence putative ATP-binding protein	
BCW-000271_02510_3	e988e61f4dba607f7ad332286db44dc8	252	Coils	Coil		36	56	-	T	20-04-2020
BCW-000271_02510_3	e988e61f4dba607f7ad332286db44dc8	252	Pfam	PF01695	IstB-like ATP binding protein	56	229	4.6E-59	T	20-04-2020	IPR002611	IstB-like ATP-binding protein	GO:0005524
BCW-000271_02510_3	e988e61f4dba607f7ad332286db44dc8	252	SMART	SM00382		97	230	4.7E-7	T	20-04-2020	IPR003593	AAA+ ATPase domain	
BCW-000271_02510_3	e988e61f4dba607f7ad332286db44dc8	252	Gene3D	G3DSA:3.40.50.300		60	248	3.3E-53	T	20-04-2020
BCW-000271_02510_3	e988e61f4dba607f7ad332286db44dc8	252	CDD	cd00009	AAA	85	225	4.68381E-12	T	20-04-2020
BCW-000270_00669_5	eeead7db9743ef02ccc7591810183290	398	Gene3D	G3DSA:3.30.70.360		185	299	1.1E-125	T	20-04-2020
BCW-000270_00669_5	eeead7db9743ef02ccc7591810183290	398	SUPERFAMILY	SSF55031		188	300	9.16E-28	T	20-04-2020	IPR036264	Bacterial exopeptidase dimerisation domain	
BCW-000270_00669_5	eeead7db9743ef02ccc7591810183290	398	PANTHER	PTHR11014		6	392	8.8E-142	T	20-04-2020
BCW-000270_00669_5	eeead7db9743ef02ccc7591810183290	398	Pfam	PF01546	Peptidase family M20/M25/M40	76	387	1.3E-24	T	20-04-2020	IPR002933	Peptidase M20	GO:0016787
BCW-000270_00669_5	eeead7db9743ef02ccc7591810183290	398	Pfam	PF07687	Peptidase dimerisation domain	185	282	5.1E-12	T	20-04-2020	IPR011650	Peptidase M20, dimerisation domain	
BCW-000270_00669_5	eeead7db9743ef02ccc7591810183290	398	Gene3D	G3DSA:3.40.630.10		18	376	1.1E-125	T	20-04-2020
BCW-000270_00669_5	eeead7db9743ef02ccc7591810183290	398	TIGRFAM	TIGR01891	amidohydrolases: amidohydrolase	18	380	6.7E-99	T	20-04-2020	IPR017439	Amidohydrolase	GO:0016787
BCW-000270_00669_5	eeead7db9743ef02ccc7591810183290	398	Coils	Coil		4	24	-	T	20-04-2020
BCW-000270_00669_5	eeead7db9743ef02ccc7591810183290	398	PIRSF	PIRSF005962		3	396	1.8E-108	T	20-04-2020	IPR017439	Amidohydrolase	GO:0016787
BCW-000270_00669_5	eeead7db9743ef02ccc7591810183290	398	CDD	cd03886	M20_Acy1	18	389	9.60027E-180	T	20-04-2020
BCW-000270_00669_5	eeead7db9743ef02ccc7591810183290	398	PANTHER	PTHR11014:SF121		6	392	8.8E-142	T	20-04-2020
BCW-000270_00669_5	eeead7db9743ef02ccc7591810183290	398	SUPERFAMILY	SSF53187		6	392	6.57E-78	T	20-04-2020
BCW-000270_02492_6	e479d969c4a8f4df8b33db45eab00f49	267	Gene3D	G3DSA:3.40.50.1000		3	259	9.1E-57	T	20-04-2020	IPR023214	HAD superfamily	
BCW-000270_02492_6	e479d969c4a8f4df8b33db45eab00f49	267	SFLD	SFLDG01140	C2.B: Phosphomannomutase and Phosphatase Like	1	263	2.242E-44	T	20-04-2020
BCW-000270_02492_6	e479d969c4a8f4df8b33db45eab00f49	267	Gene3D	G3DSA:3.30.1240.10		83	189	9.1E-57	T	20-04-2020
BCW-000270_02492_6	e479d969c4a8f4df8b33db45eab00f49	267	SFLD	SFLDS00003	Haloacid Dehalogenase	1	263	2.242E-44	T	20-04-2020
BCW-000270_02492_6	e479d969c4a8f4df8b33db45eab00f49	267	Pfam	PF08282	haloacid dehalogenase-like hydrolase	5	259	2.1E-41	T	20-04-2020
BCW-000270_02492_6	e479d969c4a8f4df8b33db45eab00f49	267	SUPERFAMILY	SSF56784		1	264	1.17E-54	T	20-04-2020	IPR036412	HAD-like superfamily	
BCW-000270_02492_6	e479d969c4a8f4df8b33db45eab00f49	267	TIGRFAM	TIGR01484	HAD-SF-IIB: HAD hydrolase, family IIB	4	232	4.0E-20	T	20-04-2020	IPR006379	HAD-superfamily hydrolase, subfamily IIB	
BCW-000270_02492_6	e479d969c4a8f4df8b33db45eab00f49	267	PANTHER	PTHR10000		2	263	3.6E-43	T	20-04-2020
BCW-000212_01604_18	b2cd4d662ee86b8a6dace089b22af4f6	40	MobiDBLite	mobidb-lite	consensus disorder prediction	18	40	-	T	20-04-2020
BCW-000270_01319_3	643be13f120b42793512f311f25c9c1c	193	SUPERFAMILY	SSF46689		140	181	6.99E-8	T	20-04-2020	IPR009057	Homeobox-like domain superfamily	GO:0003677
BCW-000270_01319_3	643be13f120b42793512f311f25c9c1c	193	ProSiteProfiles	PS51736	Resolvase/invertase-type recombinase catalytic domain profile.	1	134	41.048	T	20-04-2020	IPR006119	Resolvase, N-terminal catalytic domain	GO:0000150|GO:0003677|GO:0006310
BCW-000270_01319_3	643be13f120b42793512f311f25c9c1c	193	SMART	SM00857		2	142	1.0E-46	T	20-04-2020	IPR006119	Resolvase, N-terminal catalytic domain	GO:0000150|GO:0003677|GO:0006310
BCW-000270_01319_3	643be13f120b42793512f311f25c9c1c	193	ProSitePatterns	PS00398	Site-specific recombinases signature 2.	55	67	-	T	20-04-2020	IPR006118	Recombinase, conserved site	GO:0000150|GO:0006310
BCW-000270_01319_3	643be13f120b42793512f311f25c9c1c	193	Gene3D	G3DSA:3.40.50.1390		1	124	1.2E-42	T	20-04-2020
BCW-000270_01319_3	643be13f120b42793512f311f25c9c1c	193	SUPERFAMILY	SSF53041		1	131	5.23E-39	T	20-04-2020	IPR036162	Resolvase-like, N-terminal catalytic domain superfamily	GO:0000150|GO:0003677|GO:0006310
BCW-000270_01319_3	643be13f120b42793512f311f25c9c1c	193	ProSitePatterns	PS00397	Site-specific recombinases active site.	5	13	-	T	20-04-2020	IPR006118	Recombinase, conserved site	GO:0000150|GO:0006310
BCW-000270_01319_3	643be13f120b42793512f311f25c9c1c	193	CDD	cd03768	SR_ResInv	2	126	3.84991E-56	T	20-04-2020
BCW-000270_01319_3	643be13f120b42793512f311f25c9c1c	193	PANTHER	PTHR30461		2	179	2.2E-45	T	20-04-2020
BCW-000270_01319_3	643be13f120b42793512f311f25c9c1c	193	Pfam	PF00239	Resolvase, N terminal domain	3	131	8.5E-38	T	20-04-2020	IPR006119	Resolvase, N-terminal catalytic domain	GO:0000150|GO:0003677|GO:0006310
BCW-000270_01319_3	643be13f120b42793512f311f25c9c1c	193	PANTHER	PTHR30461:SF11		2	179	2.2E-45	T	20-04-2020
BCW-000270_00166_3	1cc8f76b4813c349382bafa931a422e4	318	Pfam	PF00356	Bacterial regulatory proteins, lacI family	3	48	6.5E-19	T	20-04-2020	IPR000843	LacI-type HTH domain	GO:0003677|GO:0006355
BCW-000270_00166_3	1cc8f76b4813c349382bafa931a422e4	318	Pfam	PF13407	Periplasmic binding protein domain	62	300	1.4E-16	T	20-04-2020	IPR025997	Periplasmic binding protein	
BCW-000270_00166_3	1cc8f76b4813c349382bafa931a422e4	318	SUPERFAMILY	SSF47413		3	56	3.75E-16	T	20-04-2020	IPR010982	Lambda repressor-like, DNA-binding domain superfamily	GO:0003677
BCW-000270_00166_3	1cc8f76b4813c349382bafa931a422e4	318	ProSitePatterns	PS00356	LacI-type HTH domain signature.	4	22	-	T	20-04-2020
BCW-000270_00166_3	1cc8f76b4813c349382bafa931a422e4	318	CDD	cd06291	PBP1_Qymf_like	61	313	1.96769E-114	T	20-04-2020
BCW-000270_00166_3	1cc8f76b4813c349382bafa931a422e4	318	Gene3D	G3DSA:3.40.50.2300		156	280	3.7E-57	T	20-04-2020
BCW-000270_00166_3	1cc8f76b4813c349382bafa931a422e4	318	PRINTS	PR00036	LacI bacterial regulatory protein HTH signature	13	23	3.0E-5	T	20-04-2020	IPR000843	LacI-type HTH domain	GO:0003677|GO:0006355
BCW-000270_00166_3	1cc8f76b4813c349382bafa931a422e4	318	PRINTS	PR00036	LacI bacterial regulatory protein HTH signature	3	13	3.0E-5	T	20-04-2020	IPR000843	LacI-type HTH domain	GO:0003677|GO:0006355
BCW-000270_00166_3	1cc8f76b4813c349382bafa931a422e4	318	CDD	cd01392	HTH_LacI	6	54	1.44646E-20	T	20-04-2020	IPR000843	LacI-type HTH domain	GO:0003677|GO:0006355
BCW-000270_00166_3	1cc8f76b4813c349382bafa931a422e4	318	Gene3D	G3DSA:1.10.260.40		1	58	8.2E-22	T	20-04-2020
BCW-000270_00166_3	1cc8f76b4813c349382bafa931a422e4	318	SUPERFAMILY	SSF53822		60	313	1.96E-56	T	20-04-2020	IPR028082	Periplasmic binding protein-like I	
BCW-000270_00166_3	1cc8f76b4813c349382bafa931a422e4	318	SMART	SM00354		1	71	1.4E-35	T	20-04-2020	IPR000843	LacI-type HTH domain	GO:0003677|GO:0006355
BCW-000270_00166_3	1cc8f76b4813c349382bafa931a422e4	318	ProSiteProfiles	PS50932	LacI-type HTH domain profile.	2	56	30.776	T	20-04-2020	IPR000843	LacI-type HTH domain	GO:0003677|GO:0006355
BCW-000270_00166_3	1cc8f76b4813c349382bafa931a422e4	318	Gene3D	G3DSA:3.40.50.2300		62	300	3.7E-57	T	20-04-2020
BCW-000270_00166_3	1cc8f76b4813c349382bafa931a422e4	318	PANTHER	PTHR30146:SF95		3	313	1.2E-75	T	20-04-2020
BCW-000270_00166_3	1cc8f76b4813c349382bafa931a422e4	318	PANTHER	PTHR30146		3	313	1.2E-75	T	20-04-2020
BCW-000631_00807_4	e9767924825cea7e94301b7309954918	351	PANTHER	PTHR45138		184	348	3.9E-41	T	20-04-2020
BCW-000631_00807_4	e9767924825cea7e94301b7309954918	351	CDD	cd01949	GGDEF	192	348	1.24043E-42	T	20-04-2020	IPR000160	GGDEF domain	
BCW-000631_00807_4	e9767924825cea7e94301b7309954918	351	ProSiteProfiles	PS50887	GGDEF domain profile.	217	351	24.746	T	20-04-2020	IPR000160	GGDEF domain	
BCW-000631_00807_4	e9767924825cea7e94301b7309954918	351	TIGRFAM	TIGR00254	GGDEF: diguanylate cyclase (GGDEF) domain	188	349	1.4E-31	T	20-04-2020	IPR000160	GGDEF domain	
BCW-000631_00807_4	e9767924825cea7e94301b7309954918	351	SUPERFAMILY	SSF55073		196	349	9.42E-33	T	20-04-2020	IPR029787	Nucleotide cyclase	
BCW-000631_00807_4	e9767924825cea7e94301b7309954918	351	SMART	SM00267		180	350	2.1E-28	T	20-04-2020	IPR000160	GGDEF domain	
BCW-000631_00807_4	e9767924825cea7e94301b7309954918	351	Gene3D	G3DSA:3.30.70.270		180	349	7.2E-38	T	20-04-2020
BCW-000631_00807_4	e9767924825cea7e94301b7309954918	351	Pfam	PF00990	Diguanylate cyclase, GGDEF domain	191	346	3.6E-29	T	20-04-2020	IPR000160	GGDEF domain	
BCW-200051_01658_5	8ac976fa3a17131ea17e805551ed2fe7	393	PANTHER	PTHR30349:SF55		6	387	2.3E-45	T	20-04-2020
BCW-200051_01658_5	8ac976fa3a17131ea17e805551ed2fe7	393	Gene3D	G3DSA:1.10.443.10		191	391	2.5E-43	T	20-04-2020	IPR013762	Integrase-like, catalytic domain superfamily	GO:0003677|GO:0006310|GO:0015074
BCW-200051_01658_5	8ac976fa3a17131ea17e805551ed2fe7	393	SUPERFAMILY	SSF56349		71	384	1.38E-55	T	20-04-2020	IPR011010	DNA breaking-rejoining enzyme, catalytic core	GO:0003677
BCW-200051_01658_5	8ac976fa3a17131ea17e805551ed2fe7	393	CDD	cd01189	INT_ICEBs1_C_like	196	373	1.17589E-45	T	20-04-2020
BCW-200051_01658_5	8ac976fa3a17131ea17e805551ed2fe7	393	Pfam	PF00589	Phage integrase family	191	376	2.0E-26	T	20-04-2020	IPR002104	Integrase, catalytic domain	GO:0003677|GO:0006310|GO:0015074
BCW-200051_01658_5	8ac976fa3a17131ea17e805551ed2fe7	393	Gene3D	G3DSA:1.10.150.130		69	190	3.0E-16	T	20-04-2020	IPR010998	Integrase/recombinase, N-terminal	
BCW-200051_01658_5	8ac976fa3a17131ea17e805551ed2fe7	393	PANTHER	PTHR30349		6	387	2.3E-45	T	20-04-2020
BCW-200051_01658_5	8ac976fa3a17131ea17e805551ed2fe7	393	Pfam	PF14659	Phage integrase, N-terminal SAM-like domain	71	126	6.0E-14	T	20-04-2020	IPR004107	Integrase, SAM-like, N-terminal	GO:0003677|GO:0015074
BCW-000270_01839_12	5fe66bdff9800308ef942ca91c95f603	649	Gene3D	G3DSA:1.20.1530.20		3	410	1.2E-12	T	20-04-2020	IPR038770	Sodium/solute  symporter  superfamily	
BCW-000270_01839_12	5fe66bdff9800308ef942ca91c95f603	649	Pfam	PF00999	Sodium/hydrogen exchanger family	10	409	9.5E-44	T	20-04-2020	IPR006153	Cation/H+ exchanger	GO:0006812|GO:0015299|GO:0016021|GO:0055085
BCW-000270_01839_12	5fe66bdff9800308ef942ca91c95f603	649	PANTHER	PTHR10110		2	640	1.7E-61	T	20-04-2020	IPR018422	Cation/H+ exchanger, CPA1 family	GO:0006812|GO:0015299|GO:0016021
BCW-000270_01839_12	5fe66bdff9800308ef942ca91c95f603	649	PANTHER	PTHR10110:SF86		2	640	1.7E-61	T	20-04-2020
BCW-000270_01147_6	d6096a13c5a25de2c10b45500fa0b5ed	361	PANTHER	PTHR30146:SF93		40	359	1.2E-61	T	20-04-2020
BCW-000270_01147_6	d6096a13c5a25de2c10b45500fa0b5ed	361	CDD	cd07377	WHTH_GntR	3	68	1.97802E-20	T	20-04-2020	IPR000524	Transcription regulator HTH, GntR	GO:0003700|GO:0006355
BCW-000270_01147_6	d6096a13c5a25de2c10b45500fa0b5ed	361	Gene3D	G3DSA:3.40.50.2300		186	351	9.1E-73	T	20-04-2020
BCW-000270_01147_6	d6096a13c5a25de2c10b45500fa0b5ed	361	CDD	cd01541	PBP1_AraR	82	353	1.14774E-146	T	20-04-2020	IPR033532	Arabinose metabolism transcriptional repressor, ligand-binding domain	GO:0006355
BCW-000270_01147_6	d6096a13c5a25de2c10b45500fa0b5ed	361	SUPERFAMILY	SSF46785		3	71	2.62E-18	T	20-04-2020	IPR036390	Winged helix DNA-binding domain superfamily	
BCW-000270_01147_6	d6096a13c5a25de2c10b45500fa0b5ed	361	ProSiteProfiles	PS50949	GntR-type HTH domain profile.	2	70	19.711	T	20-04-2020	IPR000524	Transcription regulator HTH, GntR	GO:0003700|GO:0006355
BCW-000270_01147_6	d6096a13c5a25de2c10b45500fa0b5ed	361	SUPERFAMILY	SSF53822		80	354	3.53E-56	T	20-04-2020	IPR028082	Periplasmic binding protein-like I	
BCW-000270_01147_6	d6096a13c5a25de2c10b45500fa0b5ed	361	Gene3D	G3DSA:3.40.50.2300		83	346	9.1E-73	T	20-04-2020
BCW-000270_01147_6	d6096a13c5a25de2c10b45500fa0b5ed	361	PANTHER	PTHR30146		40	359	1.2E-61	T	20-04-2020
BCW-000270_01147_6	d6096a13c5a25de2c10b45500fa0b5ed	361	SMART	SM00345		8	67	1.5E-11	T	20-04-2020	IPR000524	Transcription regulator HTH, GntR	GO:0003700|GO:0006355
BCW-000270_01147_6	d6096a13c5a25de2c10b45500fa0b5ed	361	PRINTS	PR00035	GntR bacterial regulatory protein HTH signature	41	57	4.0E-6	T	20-04-2020	IPR000524	Transcription regulator HTH, GntR	GO:0003700|GO:0006355
BCW-000270_01147_6	d6096a13c5a25de2c10b45500fa0b5ed	361	PRINTS	PR00035	GntR bacterial regulatory protein HTH signature	27	41	4.0E-6	T	20-04-2020	IPR000524	Transcription regulator HTH, GntR	GO:0003700|GO:0006355
BCW-000270_01147_6	d6096a13c5a25de2c10b45500fa0b5ed	361	Pfam	PF13377	Periplasmic binding protein-like domain	195	354	4.1E-21	T	20-04-2020
BCW-000270_01147_6	d6096a13c5a25de2c10b45500fa0b5ed	361	Gene3D	G3DSA:1.10.10.10		1	75	6.9E-21	T	20-04-2020	IPR036388	Winged helix-like DNA-binding domain superfamily	
BCW-000270_01147_6	d6096a13c5a25de2c10b45500fa0b5ed	361	Pfam	PF00392	Bacterial regulatory proteins, gntR family	5	67	9.0E-16	T	20-04-2020	IPR000524	Transcription regulator HTH, GntR	GO:0003700|GO:0006355
BCW-000212_01604_11	e3536526060a72e775e9aa262bb95ac6	472	PANTHER	PTHR33989		3	469	5.2E-104	T	20-04-2020
BCW-000212_01604_11	e3536526060a72e775e9aa262bb95ac6	472	Pfam	PF02378	Phosphotransferase system, EIIC	27	390	2.1E-79	T	20-04-2020	IPR003352	Phosphotransferase system, EIIC	GO:0008982|GO:0009401|GO:0016020
BCW-000212_01604_11	e3536526060a72e775e9aa262bb95ac6	472	PIRSF	PIRSF006351		1	471	4.3E-143	T	20-04-2020	IPR004796	Phosphotransferase system, cellobiose-type IIC component	GO:0008982|GO:0009401|GO:0016021
BCW-000212_01604_11	e3536526060a72e775e9aa262bb95ac6	472	TIGRFAM	TIGR00410	lacE: PTS system, lactose/cellobiose family IIC component	149	463	3.1E-74	T	20-04-2020	IPR004501	Phosphotransferase system, EIIC component, type 3	GO:0008982|GO:0009401|GO:0016021
BCW-000212_01604_11	e3536526060a72e775e9aa262bb95ac6	472	ProSiteProfiles	PS51105	PTS_EIIC type-3 domain profile.	5	450	53.764	T	20-04-2020	IPR004501	Phosphotransferase system, EIIC component, type 3	GO:0008982|GO:0009401|GO:0016021
BCW-000270_02476_11	0e5ea095771eb9b7d1bc0c0bc7dd3686	377	PRINTS	PR00735	Glycosyl hydrolase family 8 signature	112	130	4.7E-15	T	20-04-2020	IPR002037	Glycoside hydrolase, family 8	GO:0004553|GO:0005975
BCW-000270_02476_11	0e5ea095771eb9b7d1bc0c0bc7dd3686	377	PRINTS	PR00735	Glycosyl hydrolase family 8 signature	219	230	4.7E-15	T	20-04-2020	IPR002037	Glycoside hydrolase, family 8	GO:0004553|GO:0005975
BCW-000270_02476_11	0e5ea095771eb9b7d1bc0c0bc7dd3686	377	PRINTS	PR00735	Glycosyl hydrolase family 8 signature	355	369	4.7E-15	T	20-04-2020	IPR002037	Glycoside hydrolase, family 8	GO:0004553|GO:0005975
BCW-000270_02476_11	0e5ea095771eb9b7d1bc0c0bc7dd3686	377	PRINTS	PR00735	Glycosyl hydrolase family 8 signature	52	65	4.7E-15	T	20-04-2020	IPR002037	Glycoside hydrolase, family 8	GO:0004553|GO:0005975
BCW-000270_02476_11	0e5ea095771eb9b7d1bc0c0bc7dd3686	377	PRINTS	PR00735	Glycosyl hydrolase family 8 signature	176	193	4.7E-15	T	20-04-2020	IPR002037	Glycoside hydrolase, family 8	GO:0004553|GO:0005975
BCW-000270_02476_11	0e5ea095771eb9b7d1bc0c0bc7dd3686	377	Gene3D	G3DSA:1.50.10.10		2	370	1.0E-117	T	20-04-2020	IPR012341	Six-hairpin glycosidase-like superfamily	GO:0003824
BCW-000270_02476_11	0e5ea095771eb9b7d1bc0c0bc7dd3686	377	SUPERFAMILY	SSF48208		8	374	2.08E-88	T	20-04-2020	IPR008928	Six-hairpin glycosidase superfamily	GO:0003824
BCW-000270_02476_11	0e5ea095771eb9b7d1bc0c0bc7dd3686	377	Pfam	PF01270	Glycosyl hydrolases family 8	43	277	3.4E-22	T	20-04-2020	IPR002037	Glycoside hydrolase, family 8	GO:0004553|GO:0005975
BCW-000212_00700_10	e1bf8750a9a8042389a08affdbfdf2b2	466	PANTHER	PTHR11785:SF216		14	423	6.0E-46	T	20-04-2020
BCW-000212_00700_10	e1bf8750a9a8042389a08affdbfdf2b2	466	Pfam	PF13520	Amino acid permease	8	439	1.7E-41	T	20-04-2020	IPR002293	Amino acid/polyamine transporter I	GO:0016020|GO:0022857|GO:0055085
BCW-000212_00700_10	e1bf8750a9a8042389a08affdbfdf2b2	466	PANTHER	PTHR11785		14	423	6.0E-46	T	20-04-2020
BCW-000212_00700_10	e1bf8750a9a8042389a08affdbfdf2b2	466	Gene3D	G3DSA:1.20.1740.10		2	462	1.6E-39	T	20-04-2020
BCW-000212_00700_10	e1bf8750a9a8042389a08affdbfdf2b2	466	PIRSF	PIRSF006060		1	466	1.8E-65	T	20-04-2020	IPR002293	Amino acid/polyamine transporter I	GO:0016020|GO:0022857|GO:0055085
BCW-000271_00294_7	4a1e486a80fa91b6593409ac9961ebfe	378	PIRSF	PIRSF000524		1	377	5.9E-88	T	20-04-2020	IPR024169	Serine-pyruvate aminotransferase/2-aminoethylphosphonate-pyruvate transaminase	
BCW-000271_00294_7	4a1e486a80fa91b6593409ac9961ebfe	378	Gene3D	G3DSA:3.40.640.10		15	260	1.4E-104	T	20-04-2020	IPR015421	Pyridoxal phosphate-dependent transferase, major domain	GO:0003824
BCW-000271_00294_7	4a1e486a80fa91b6593409ac9961ebfe	378	PANTHER	PTHR21152:SF31		3	365	5.1E-61	T	20-04-2020
BCW-000271_00294_7	4a1e486a80fa91b6593409ac9961ebfe	378	Gene3D	G3DSA:3.90.1150.10		10	366	1.4E-104	T	20-04-2020	IPR015422	Pyridoxal phosphate-dependent transferase domain 1	GO:0003824
BCW-000271_00294_7	4a1e486a80fa91b6593409ac9961ebfe	378	Pfam	PF00266	Aminotransferase class-V	31	322	8.9E-26	T	20-04-2020	IPR000192	Aminotransferase class V domain	
BCW-000271_00294_7	4a1e486a80fa91b6593409ac9961ebfe	378	PANTHER	PTHR21152		3	365	5.1E-61	T	20-04-2020
BCW-000271_00294_7	4a1e486a80fa91b6593409ac9961ebfe	378	ProSitePatterns	PS00595	Aminotransferases class-V pyridoxal-phosphate attachment site.	182	202	-	T	20-04-2020	IPR020578	Aminotransferase class-V, pyridoxal-phosphate binding site	
BCW-000271_00294_7	4a1e486a80fa91b6593409ac9961ebfe	378	SUPERFAMILY	SSF53383		2	362	1.32E-79	T	20-04-2020	IPR015424	Pyridoxal phosphate-dependent transferase	
BCW-000270_02426_5	7c1509a7a8967a8600cdd724486254a8	40	MobiDBLite	mobidb-lite	consensus disorder prediction	1	26	-	T	20-04-2020
BCW-000270_02426_5	7c1509a7a8967a8600cdd724486254a8	40	MobiDBLite	mobidb-lite	consensus disorder prediction	1	40	-	T	20-04-2020
BCW-000270_02428_6	a728c81076eee87ed79a02ca8716d026	213	Pfam	PF02517	CPBP intramembrane metalloprotease	109	202	7.2E-7	T	20-04-2020	IPR003675	CAAX prenyl protease 2	GO:0016020
BCW-000270_00618_13	bf297f4a41028254146d01e2c488ce82	822	MobiDBLite	mobidb-lite	consensus disorder prediction	757	771	-	T	20-04-2020
BCW-000270_00618_13	bf297f4a41028254146d01e2c488ce82	822	Gene3D	G3DSA:2.60.40.1140		645	740	4.1E-16	T	20-04-2020
BCW-000270_00618_13	bf297f4a41028254146d01e2c488ce82	822	Gene3D	G3DSA:2.60.40.1140		411	517	8.0E-18	T	20-04-2020
BCW-000270_00618_13	bf297f4a41028254146d01e2c488ce82	822	MobiDBLite	mobidb-lite	consensus disorder prediction	137	163	-	T	20-04-2020
BCW-000270_00618_13	bf297f4a41028254146d01e2c488ce82	822	MobiDBLite	mobidb-lite	consensus disorder prediction	203	240	-	T	20-04-2020
BCW-000270_00618_13	bf297f4a41028254146d01e2c488ce82	822	CDD	cd00222	CollagenBindB	414	499	3.15571E-18	T	20-04-2020	IPR008454	Collagen-binding surface protein Cna-like, B-type domain	
BCW-000270_00618_13	bf297f4a41028254146d01e2c488ce82	822	Coils	Coil		813	822	-	T	20-04-2020
BCW-000270_00618_13	bf297f4a41028254146d01e2c488ce82	822	CDD	cd00222	CollagenBindB	647	738	7.2311E-20	T	20-04-2020	IPR008454	Collagen-binding surface protein Cna-like, B-type domain	
BCW-000270_00618_13	bf297f4a41028254146d01e2c488ce82	822	SUPERFAMILY	SSF49899		96	226	2.17E-6	T	20-04-2020	IPR013320	Concanavalin A-like lectin/glucanase domain superfamily	
BCW-000270_00618_13	bf297f4a41028254146d01e2c488ce82	822	Pfam	PF18483	Bacterial lectin	53	406	6.3E-37	T	20-04-2020
BCW-000270_00618_13	bf297f4a41028254146d01e2c488ce82	822	SUPERFAMILY	SSF49478		646	736	4.9E-16	T	20-04-2020
BCW-000270_00618_13	bf297f4a41028254146d01e2c488ce82	822	MobiDBLite	mobidb-lite	consensus disorder prediction	742	783	-	T	20-04-2020
BCW-000270_00618_13	bf297f4a41028254146d01e2c488ce82	822	Gene3D	G3DSA:2.60.40.1140		518	643	5.5E-8	T	20-04-2020
BCW-000270_00618_13	bf297f4a41028254146d01e2c488ce82	822	Pfam	PF05738	Cna protein B-type domain	525	640	2.4E-7	T	20-04-2020	IPR008454	Collagen-binding surface protein Cna-like, B-type domain	
BCW-000270_00618_13	bf297f4a41028254146d01e2c488ce82	822	Pfam	PF05738	Cna protein B-type domain	651	736	2.9E-14	T	20-04-2020	IPR008454	Collagen-binding surface protein Cna-like, B-type domain	
BCW-000270_00618_13	bf297f4a41028254146d01e2c488ce82	822	Pfam	PF05738	Cna protein B-type domain	415	502	6.4E-16	T	20-04-2020	IPR008454	Collagen-binding surface protein Cna-like, B-type domain	
BCW-000270_00618_13	bf297f4a41028254146d01e2c488ce82	822	SUPERFAMILY	SSF49478		413	505	1.53E-20	T	20-04-2020
BCW-200077_01384_3	f7db9b78412a649ee4ed2c36bdc49392	153	Pfam	PF00583	Acetyltransferase (GNAT) family	36	128	1.9E-10	T	20-04-2020	IPR000182	GNAT domain	
BCW-200077_01384_3	f7db9b78412a649ee4ed2c36bdc49392	153	SUPERFAMILY	SSF55729		1	139	1.74E-22	T	20-04-2020	IPR016181	Acyl-CoA N-acyltransferase	
BCW-200077_01384_3	f7db9b78412a649ee4ed2c36bdc49392	153	CDD	cd04301	NAT_SF	49	96	1.39702E-4	T	20-04-2020
BCW-200077_01384_3	f7db9b78412a649ee4ed2c36bdc49392	153	PANTHER	PTHR43420:SF11		1	132	3.1E-26	T	20-04-2020
BCW-200077_01384_3	f7db9b78412a649ee4ed2c36bdc49392	153	ProSiteProfiles	PS51186	Gcn5-related N-acetyltransferase (GNAT) domain profile.	3	150	15.258	T	20-04-2020	IPR000182	GNAT domain	
BCW-200077_01384_3	f7db9b78412a649ee4ed2c36bdc49392	153	PANTHER	PTHR43420		1	132	3.1E-26	T	20-04-2020
BCW-200077_01384_3	f7db9b78412a649ee4ed2c36bdc49392	153	Gene3D	G3DSA:3.40.630.30		1	151	2.2E-19	T	20-04-2020
BCW-000271_02489_2	65a2273ce501220eddd7655f50460a5e	97	PANTHER	PTHR30619:SF1		1	95	1.3E-32	T	20-04-2020
BCW-000271_02489_2	65a2273ce501220eddd7655f50460a5e	97	Gene3D	G3DSA:3.60.15.10		1	96	4.3E-29	T	20-04-2020	IPR036866	Ribonuclease Z/Hydroxyacylglutathione hydrolase-like	
BCW-000271_02489_2	65a2273ce501220eddd7655f50460a5e	97	SUPERFAMILY	SSF56281		5	95	5.81E-17	T	20-04-2020	IPR036866	Ribonuclease Z/Hydroxyacylglutathione hydrolase-like	
BCW-000271_02489_2	65a2273ce501220eddd7655f50460a5e	97	PANTHER	PTHR30619		1	95	1.3E-32	T	20-04-2020
BCW-000212_01940_10	8f75712419d141cbe1a17a7d0f6874cc	483	Pfam	PF12010	Domain of unknown function (DUF3502)	350	481	1.1E-40	T	20-04-2020	IPR022627	Domain of unknown function DUF3502	
BCW-000212_01940_10	8f75712419d141cbe1a17a7d0f6874cc	483	PANTHER	PTHR30061		11	462	1.5E-60	T	20-04-2020
BCW-000212_01940_10	8f75712419d141cbe1a17a7d0f6874cc	483	ProSiteProfiles	PS51257	Prokaryotic membrane lipoprotein lipid attachment site profile.	1	23	6.0	T	20-04-2020
BCW-000212_01940_10	8f75712419d141cbe1a17a7d0f6874cc	483	PANTHER	PTHR30061:SF48		11	462	1.5E-60	T	20-04-2020
BCW-000212_01940_10	8f75712419d141cbe1a17a7d0f6874cc	483	Pfam	PF13416	Bacterial extracellular solute-binding protein	61	333	4.5E-15	T	20-04-2020	IPR006059	Bacterial extracellular solute-binding protein	
BCW-000212_01940_10	8f75712419d141cbe1a17a7d0f6874cc	483	SUPERFAMILY	SSF53850		22	482	1.03E-79	T	20-04-2020
BCW-000270_02430_7	d48d1cafade4de12c114ed0070cfb7d4	37	MobiDBLite	mobidb-lite	consensus disorder prediction	1	37	-	T	20-04-2020
BCW-000270_02430_7	d48d1cafade4de12c114ed0070cfb7d4	37	MobiDBLite	mobidb-lite	consensus disorder prediction	1	18	-	T	20-04-2020
BCW-200077_01202_5	55a59dbaa95b2d1644b778cb50883c12	259	ProSitePatterns	PS00211	ABC transporters family signature.	141	155	-	T	20-04-2020	IPR017871	ABC transporter, conserved site	GO:0005524|GO:0016887
BCW-200077_01202_5	55a59dbaa95b2d1644b778cb50883c12	259	PANTHER	PTHR42771		6	257	3.0E-100	T	20-04-2020
BCW-200077_01202_5	55a59dbaa95b2d1644b778cb50883c12	259	SUPERFAMILY	SSF52540		6	230	1.87E-57	T	20-04-2020	IPR027417	P-loop containing nucleoside triphosphate hydrolase	
BCW-200077_01202_5	55a59dbaa95b2d1644b778cb50883c12	259	CDD	cd03214	ABC_Iron-Siderophores_B12_Hemin	8	223	3.51951E-80	T	20-04-2020
BCW-200077_01202_5	55a59dbaa95b2d1644b778cb50883c12	259	Gene3D	G3DSA:3.40.50.300		6	255	3.1E-64	T	20-04-2020
BCW-200077_01202_5	55a59dbaa95b2d1644b778cb50883c12	259	SMART	SM00382		30	218	1.3E-12	T	20-04-2020	IPR003593	AAA+ ATPase domain	
BCW-200077_01202_5	55a59dbaa95b2d1644b778cb50883c12	259	PANTHER	PTHR42771:SF4		6	257	3.0E-100	T	20-04-2020
BCW-200077_01202_5	55a59dbaa95b2d1644b778cb50883c12	259	Pfam	PF00005	ABC transporter	23	168	8.1E-29	T	20-04-2020	IPR003439	ABC transporter-like	GO:0005524|GO:0016887
BCW-200077_01202_5	55a59dbaa95b2d1644b778cb50883c12	259	ProSiteProfiles	PS50893	ATP-binding cassette, ABC transporter-type domain profile.	6	241	20.048	T	20-04-2020	IPR003439	ABC transporter-like	GO:0005524|GO:0016887
BCW-000270_01076_5	efee813044ff604b3dd0122a740abe1b	146	PIRSF	PIRSF030042		7	142	1.2E-65	T	20-04-2020	IPR016942	Uncharacterised conserved protein UCP030042	
BCW-000270_01076_5	efee813044ff604b3dd0122a740abe1b	146	Pfam	PF14340	Domain of unknown function (DUF4395)	9	133	1.5E-25	T	20-04-2020	IPR025508	Domain of unknown function DUF4395	
BCW-200077_01202_3	2ef5710f99ae93151caf3a58a220d29b	63	MobiDBLite	mobidb-lite	consensus disorder prediction	41	63	-	T	20-04-2020
BCW-200077_01202_3	2ef5710f99ae93151caf3a58a220d29b	63	MobiDBLite	mobidb-lite	consensus disorder prediction	39	63	-	T	20-04-2020
BCW-000270_00163_8	a6ea8e95eeed7d07ee533a45355459c8	290	Gene3D	G3DSA:3.30.420.40		2	105	1.3E-30	T	20-04-2020
BCW-000270_00163_8	a6ea8e95eeed7d07ee533a45355459c8	290	CDD	cd00012	NBD_sugar-kinase_HSP70_actin	8	116	1.45756E-5	T	20-04-2020
BCW-000270_00163_8	a6ea8e95eeed7d07ee533a45355459c8	290	PANTHER	PTHR42742		1	284	6.8E-92	T	20-04-2020
BCW-000270_00163_8	a6ea8e95eeed7d07ee533a45355459c8	290	Pfam	PF00480	ROK family	5	283	2.1E-66	T	20-04-2020	IPR000600	ROK family	
BCW-000270_00163_8	a6ea8e95eeed7d07ee533a45355459c8	290	Gene3D	G3DSA:3.30.420.40		106	290	5.4E-44	T	20-04-2020
BCW-000270_00163_8	a6ea8e95eeed7d07ee533a45355459c8	290	SUPERFAMILY	SSF53067		4	287	6.13E-41	T	20-04-2020
BCW-000270_00163_8	a6ea8e95eeed7d07ee533a45355459c8	290	PANTHER	PTHR42742:SF5		1	284	6.8E-92	T	20-04-2020
BCW-200077_01199_8	8db6c6b460b1525c36e7cd9724a2d3f9	328	Gene3D	G3DSA:1.10.3470.10		1	325	1.2E-66	T	20-04-2020	IPR037294	ABC transporter, BtuC-like	
BCW-200077_01199_8	8db6c6b460b1525c36e7cd9724a2d3f9	328	Pfam	PF01032	FecCD transport family	15	323	1.7E-68	T	20-04-2020	IPR000522	ABC transporter, permease protein, BtuC-like	GO:0005215|GO:0016020
BCW-200077_01199_8	8db6c6b460b1525c36e7cd9724a2d3f9	328	SUPERFAMILY	SSF81345		3	323	1.31E-61	T	20-04-2020	IPR037294	ABC transporter, BtuC-like	
BCW-200077_01199_8	8db6c6b460b1525c36e7cd9724a2d3f9	328	PANTHER	PTHR30472:SF30		10	323	9.7E-68	T	20-04-2020
BCW-200077_01199_8	8db6c6b460b1525c36e7cd9724a2d3f9	328	CDD	cd06550	TM_ABC_iron-siderophores_like	59	321	4.98841E-33	T	20-04-2020
BCW-200077_01199_8	8db6c6b460b1525c36e7cd9724a2d3f9	328	PANTHER	PTHR30472		10	323	9.7E-68	T	20-04-2020	IPR000522	ABC transporter, permease protein, BtuC-like	GO:0005215|GO:0016020
BCW-000212_01936_4	9ee5249116ddd290fd1ae446592fcafc	380	CDD	cd00146	PKD	155	233	1.00561E-8	T	20-04-2020
BCW-000212_01936_4	9ee5249116ddd290fd1ae446592fcafc	380	Gene3D	G3DSA:2.60.40.10		48	156	1.5E-19	T	20-04-2020	IPR013783	Immunoglobulin-like fold	
BCW-000212_01936_4	9ee5249116ddd290fd1ae446592fcafc	380	Gene3D	G3DSA:2.60.120.260		237	375	3.7E-34	T	20-04-2020	IPR008979	Galactose-binding-like domain superfamily	
BCW-000212_01936_4	9ee5249116ddd290fd1ae446592fcafc	380	SUPERFAMILY	SSF49299		144	233	2.49E-15	T	20-04-2020	IPR035986	PKD domain superfamily	
BCW-000212_01936_4	9ee5249116ddd290fd1ae446592fcafc	380	SUPERFAMILY	SSF49785		243	376	3.47E-24	T	20-04-2020	IPR008979	Galactose-binding-like domain superfamily	
BCW-000212_01936_4	9ee5249116ddd290fd1ae446592fcafc	380	ProSiteProfiles	PS50022	Coagulation factors 5/8 type C domain (FA58C) profile.	226	377	24.149	T	20-04-2020	IPR000421	Coagulation factor 5/8 C-terminal domain	
BCW-000212_01936_4	9ee5249116ddd290fd1ae446592fcafc	380	SMART	SM00089		153	234	2.7E-10	T	20-04-2020	IPR022409	PKD/Chitinase domain	
BCW-000212_01936_4	9ee5249116ddd290fd1ae446592fcafc	380	ProSiteProfiles	PS50093	Polycystic kidney disease (PKD) domain profile.	152	238	11.229	T	20-04-2020	IPR000601	PKD domain	
BCW-000212_01936_4	9ee5249116ddd290fd1ae446592fcafc	380	Pfam	PF00754	F5/8 type C domain	255	366	4.9E-22	T	20-04-2020	IPR000421	Coagulation factor 5/8 C-terminal domain	
BCW-000212_01936_4	9ee5249116ddd290fd1ae446592fcafc	380	Pfam	PF00801	PKD domain	159	221	1.2E-7	T	20-04-2020	IPR000601	PKD domain	
BCW-000212_01936_4	9ee5249116ddd290fd1ae446592fcafc	380	Gene3D	G3DSA:2.60.40.10		157	233	9.9E-12	T	20-04-2020	IPR013783	Immunoglobulin-like fold	
BCW-000271_00111_2	1e2712033d2c21060d0b0d49947e2d9b	138	SUPERFAMILY	SSF89623		1	132	5.49E-52	T	20-04-2020	IPR036569	Sugar-phosphate isomerase, RpiB/LacA/LacB superfamily	GO:0005975|GO:0016853
BCW-000271_00111_2	1e2712033d2c21060d0b0d49947e2d9b	138	PANTHER	PTHR30345:SF0		1	129	8.5E-48	T	20-04-2020
BCW-000271_00111_2	1e2712033d2c21060d0b0d49947e2d9b	138	Pfam	PF02502	Ribose/Galactose Isomerase	4	130	7.7E-50	T	20-04-2020	IPR003500	Sugar-phosphate isomerase, RpiB/LacA/LacB family	GO:0005975|GO:0016853
BCW-000271_00111_2	1e2712033d2c21060d0b0d49947e2d9b	138	TIGRFAM	TIGR01120	rpiB: ribose 5-phosphate isomerase B	2	131	8.9E-57	T	20-04-2020	IPR004785	Ribose 5-phosphate isomerase B	GO:0004751|GO:0006098
BCW-000271_00111_2	1e2712033d2c21060d0b0d49947e2d9b	138	PANTHER	PTHR30345		1	129	8.5E-48	T	20-04-2020	IPR003500	Sugar-phosphate isomerase, RpiB/LacA/LacB family	GO:0005975|GO:0016853
BCW-000271_00111_2	1e2712033d2c21060d0b0d49947e2d9b	138	TIGRFAM	TIGR00689	rpiB_lacA_lacB: sugar-phosphate isomerase, RpiB/LacA/LacB family	4	131	1.4E-50	T	20-04-2020	IPR003500	Sugar-phosphate isomerase, RpiB/LacA/LacB family	GO:0005975|GO:0016853
BCW-000271_00111_2	1e2712033d2c21060d0b0d49947e2d9b	138	PIRSF	PIRSF005384		1	136	2.3E-52	T	20-04-2020	IPR003500	Sugar-phosphate isomerase, RpiB/LacA/LacB family	GO:0005975|GO:0016853
BCW-000271_00111_2	1e2712033d2c21060d0b0d49947e2d9b	138	Gene3D	G3DSA:3.40.1400.10		1	136	8.2E-53	T	20-04-2020	IPR036569	Sugar-phosphate isomerase, RpiB/LacA/LacB superfamily	GO:0005975|GO:0016853
BCW-000271_02412_13	edba03fb5d3c68808139f3ba67b551dc	650	Gene3D	G3DSA:2.70.70.10		494	649	2.6E-59	T	20-04-2020	IPR011055	Duplicated hybrid motif	
BCW-000271_02412_13	edba03fb5d3c68808139f3ba67b551dc	650	ProSiteProfiles	PS51098	PTS_EIIB type-1 domain profile.	7	89	20.771	T	20-04-2020	IPR001996	Phosphotransferase system, IIB component, type 1	GO:0008982|GO:0009401
BCW-000271_02412_13	edba03fb5d3c68808139f3ba67b551dc	650	ProSitePatterns	PS01035	PTS EIIB domains cysteine phosphorylation site signature.	22	39	-	T	20-04-2020	IPR018113	Phosphotransferase system EIIB, cysteine phosphorylation site	GO:0008982
BCW-000271_02412_13	edba03fb5d3c68808139f3ba67b551dc	650	ProSiteProfiles	PS51103	PTS_EIIC type-1 domain profile.	125	477	30.026	T	20-04-2020	IPR013013	Phosphotransferase system, EIIC component, type 1	
BCW-000271_02412_13	edba03fb5d3c68808139f3ba67b551dc	650	SUPERFAMILY	SSF51261		501	647	4.71E-56	T	20-04-2020	IPR011055	Duplicated hybrid motif	
BCW-000271_02412_13	edba03fb5d3c68808139f3ba67b551dc	650	PANTHER	PTHR30175		4	470	5.5E-168	T	20-04-2020
BCW-000271_02412_13	edba03fb5d3c68808139f3ba67b551dc	650	TIGRFAM	TIGR00830	PTBA: PTS system, glucose subfamily, IIA component	504	624	2.7E-45	T	20-04-2020	IPR001127	Phosphotransferase system, sugar-specific permease EIIA type 1	GO:0009401
BCW-000271_02412_13	edba03fb5d3c68808139f3ba67b551dc	650	CDD	cd00212	PTS_IIB_glc	9	84	1.9316E-24	T	20-04-2020	IPR018113	Phosphotransferase system EIIB, cysteine phosphorylation site	GO:0008982
BCW-000271_02412_13	edba03fb5d3c68808139f3ba67b551dc	650	Pfam	PF02378	Phosphotransferase system, EIIC	128	410	1.1E-30	T	20-04-2020	IPR003352	Phosphotransferase system, EIIC	GO:0008982|GO:0009401|GO:0016020
BCW-000271_02412_13	edba03fb5d3c68808139f3ba67b551dc	650	ProSiteProfiles	PS51093	PTS_EIIA type-1 domain profile.	520	624	30.83	T	20-04-2020	IPR001127	Phosphotransferase system, sugar-specific permease EIIA type 1	GO:0009401
BCW-000271_02412_13	edba03fb5d3c68808139f3ba67b551dc	650	Gene3D	G3DSA:3.30.1360.60		2	79	4.5E-21	T	20-04-2020	IPR036878	Glucose permease domain IIB	GO:0008982|GO:0009401
BCW-000271_02412_13	edba03fb5d3c68808139f3ba67b551dc	650	Pfam	PF00358	phosphoenolpyruvate-dependent sugar phosphotransferase system, EIIA 1	504	627	5.3E-53	T	20-04-2020	IPR001127	Phosphotransferase system, sugar-specific permease EIIA type 1	GO:0009401
BCW-000271_02412_13	edba03fb5d3c68808139f3ba67b551dc	650	Pfam	PF00367	phosphotransferase system, EIIB	11	44	3.6E-12	T	20-04-2020	IPR018113	Phosphotransferase system EIIB, cysteine phosphorylation site	GO:0008982
BCW-000271_02412_13	edba03fb5d3c68808139f3ba67b551dc	650	ProSitePatterns	PS00371	PTS EIIA domains phosphorylation site signature 1.	566	578	-	T	20-04-2020	IPR001127	Phosphotransferase system, sugar-specific permease EIIA type 1	GO:0009401
BCW-000271_02412_13	edba03fb5d3c68808139f3ba67b551dc	650	SUPERFAMILY	SSF55604		9	84	2.62E-17	T	20-04-2020	IPR036878	Glucose permease domain IIB	GO:0008982|GO:0009401
BCW-000271_02412_13	edba03fb5d3c68808139f3ba67b551dc	650	PANTHER	PTHR30175:SF3		4	470	5.5E-168	T	20-04-2020
BCW-000271_02412_13	edba03fb5d3c68808139f3ba67b551dc	650	Coils	Coil		648	650	-	T	20-04-2020
BCW-000212_00155_2	20cb2b8347c30ab8a3eef4b993d90756	147	PANTHER	PTHR41328:SF2		1	97	1.4E-29	T	20-04-2020
BCW-000212_00155_2	20cb2b8347c30ab8a3eef4b993d90756	147	Gene3D	G3DSA:1.10.10.1400		1	62	1.7E-25	T	20-04-2020	IPR038713	Terminase small subunit, N-terminal domain superfamily	
BCW-000212_00155_2	20cb2b8347c30ab8a3eef4b993d90756	147	PANTHER	PTHR41328		1	97	1.4E-29	T	20-04-2020
BCW-000212_00155_2	20cb2b8347c30ab8a3eef4b993d90756	147	Pfam	PF03592	Terminase small subunit	1	107	3.1E-31	T	20-04-2020	IPR005335	Terminase small subunit	GO:0006323
BCW-000270_02430_10	d8308f0aa57e80131de2898e5af3146d	28	Coils	Coil		17	28	-	T	20-04-2020
BCW-000631_01708_2	1e8580f1ad92dc9390aed32662d68d53	66	PIRSF	PIRSF002599		1	66	2.5E-24	T	20-04-2020	IPR012156	Cold shock, CspA	GO:0003676
BCW-000631_01708_2	1e8580f1ad92dc9390aed32662d68d53	66	CDD	cd04458	CSP_CDS	4	65	1.83648E-29	T	20-04-2020	IPR002059	Cold-shock protein, DNA-binding	GO:0003676
BCW-000631_01708_2	1e8580f1ad92dc9390aed32662d68d53	66	SMART	SM00357		3	66	1.4E-31	T	20-04-2020	IPR011129	Cold shock domain	GO:0003676
BCW-000631_01708_2	1e8580f1ad92dc9390aed32662d68d53	66	SUPERFAMILY	SSF50249		1	64	1.34E-24	T	20-04-2020	IPR012340	Nucleic acid-binding, OB-fold	
BCW-000631_01708_2	1e8580f1ad92dc9390aed32662d68d53	66	PRINTS	PR00050	Cold shock protein signature	4	19	2.3E-19	T	20-04-2020	IPR002059	Cold-shock protein, DNA-binding	GO:0003676
BCW-000631_01708_2	1e8580f1ad92dc9390aed32662d68d53	66	PRINTS	PR00050	Cold shock protein signature	24	33	2.3E-19	T	20-04-2020	IPR002059	Cold-shock protein, DNA-binding	GO:0003676
BCW-000631_01708_2	1e8580f1ad92dc9390aed32662d68d53	66	PRINTS	PR00050	Cold shock protein signature	39	57	2.3E-19	T	20-04-2020	IPR002059	Cold-shock protein, DNA-binding	GO:0003676
BCW-000631_01708_2	1e8580f1ad92dc9390aed32662d68d53	66	Pfam	PF00313	'Cold-shock' DNA-binding domain	3	65	7.0E-31	T	20-04-2020	IPR002059	Cold-shock protein, DNA-binding	GO:0003676
BCW-000631_01708_2	1e8580f1ad92dc9390aed32662d68d53	66	PANTHER	PTHR11544		3	64	7.7E-23	T	20-04-2020
BCW-000631_01708_2	1e8580f1ad92dc9390aed32662d68d53	66	Gene3D	G3DSA:2.40.50.140		1	66	2.0E-30	T	20-04-2020
BCW-000631_01708_2	1e8580f1ad92dc9390aed32662d68d53	66	PANTHER	PTHR11544:SF57		3	64	7.7E-23	T	20-04-2020
BCW-000631_01708_2	1e8580f1ad92dc9390aed32662d68d53	66	ProSitePatterns	PS00352	'Cold-shock' domain signature.	15	33	-	T	20-04-2020	IPR019844	Cold-shock conserved site	
BCW-000270_01316_4	3ba811fdd9b5c6fa9db71e9bc8034b3a	171	Pfam	PF02502	Ribose/Galactose Isomerase	3	141	6.9E-41	T	20-04-2020	IPR003500	Sugar-phosphate isomerase, RpiB/LacA/LacB family	GO:0005975|GO:0016853
BCW-000270_01316_4	3ba811fdd9b5c6fa9db71e9bc8034b3a	171	PANTHER	PTHR30345:SF0		1	154	2.1E-50	T	20-04-2020
BCW-000270_01316_4	3ba811fdd9b5c6fa9db71e9bc8034b3a	171	TIGRFAM	TIGR01119	lacB: galactose-6-phosphate isomerase, LacB subunit	1	171	5.7E-112	T	20-04-2020	IPR004784	Galactose-6-phosphate isomerase subunit LacB	GO:0005990|GO:0016861|GO:0050044
BCW-000270_01316_4	3ba811fdd9b5c6fa9db71e9bc8034b3a	171	SUPERFAMILY	SSF89623		1	151	2.62E-47	T	20-04-2020	IPR036569	Sugar-phosphate isomerase, RpiB/LacA/LacB superfamily	GO:0005975|GO:0016853
BCW-000270_01316_4	3ba811fdd9b5c6fa9db71e9bc8034b3a	171	PIRSF	PIRSF005384		1	148	3.2E-49	T	20-04-2020	IPR003500	Sugar-phosphate isomerase, RpiB/LacA/LacB family	GO:0005975|GO:0016853
BCW-000270_01316_4	3ba811fdd9b5c6fa9db71e9bc8034b3a	171	PANTHER	PTHR30345		1	154	2.1E-50	T	20-04-2020	IPR003500	Sugar-phosphate isomerase, RpiB/LacA/LacB family	GO:0005975|GO:0016853
BCW-000270_01316_4	3ba811fdd9b5c6fa9db71e9bc8034b3a	171	Hamap	MF_01556	Galactose-6-phosphate isomerase subunit LacB [lacB].	1	171	49.526	T	20-04-2020	IPR004784	Galactose-6-phosphate isomerase subunit LacB	GO:0005990|GO:0016861|GO:0050044
BCW-000270_01316_4	3ba811fdd9b5c6fa9db71e9bc8034b3a	171	Gene3D	G3DSA:3.40.1400.10		1	171	9.2E-56	T	20-04-2020	IPR036569	Sugar-phosphate isomerase, RpiB/LacA/LacB superfamily	GO:0005975|GO:0016853
BCW-000270_01316_4	3ba811fdd9b5c6fa9db71e9bc8034b3a	171	TIGRFAM	TIGR00689	rpiB_lacA_lacB: sugar-phosphate isomerase, RpiB/LacA/LacB family	3	145	2.2E-35	T	20-04-2020	IPR003500	Sugar-phosphate isomerase, RpiB/LacA/LacB family	GO:0005975|GO:0016853
BCW-000270_01144_5	f7c8bb8092658fb259be2fbd914cebfc	233	SUPERFAMILY	SSF53639		1	222	6.67E-71	T	20-04-2020	IPR036409	Class II aldolase/adducin N-terminal domain superfamily	
BCW-000270_01144_5	f7c8bb8092658fb259be2fbd914cebfc	233	SMART	SM01007		7	197	1.8E-66	T	20-04-2020	IPR001303	Class II aldolase/adducin N-terminal	
BCW-000270_01144_5	f7c8bb8092658fb259be2fbd914cebfc	233	CDD	cd00398	Aldolase_II	3	222	1.58482E-78	T	20-04-2020
BCW-000270_01144_5	f7c8bb8092658fb259be2fbd914cebfc	233	PANTHER	PTHR22789		1	231	9.9E-100	T	20-04-2020
BCW-000270_01144_5	f7c8bb8092658fb259be2fbd914cebfc	233	Pfam	PF00596	Class II Aldolase and Adducin N-terminal domain	8	196	2.5E-47	T	20-04-2020	IPR001303	Class II aldolase/adducin N-terminal	
BCW-000270_01144_5	f7c8bb8092658fb259be2fbd914cebfc	233	Gene3D	G3DSA:3.40.225.10		1	230	4.6E-65	T	20-04-2020	IPR036409	Class II aldolase/adducin N-terminal domain superfamily	
BCW-000270_01144_5	f7c8bb8092658fb259be2fbd914cebfc	233	PANTHER	PTHR22789:SF8		1	231	9.9E-100	T	20-04-2020
BCW-000270_02475_3	3ca5e22a9b0baeb89bf6e0e88bf6acc3	208	Pfam	PF01522	Polysaccharide deacetylase	3	114	6.6E-23	T	20-04-2020	IPR002509	NodB homology domain	GO:0005975|GO:0016810
BCW-000270_02475_3	3ca5e22a9b0baeb89bf6e0e88bf6acc3	208	Gene3D	G3DSA:3.20.20.370		1	189	8.3E-50	T	20-04-2020
BCW-000270_02475_3	3ca5e22a9b0baeb89bf6e0e88bf6acc3	208	PANTHER	PTHR10587		2	188	3.2E-31	T	20-04-2020
BCW-000270_02475_3	3ca5e22a9b0baeb89bf6e0e88bf6acc3	208	SUPERFAMILY	SSF88713		3	185	5.78E-45	T	20-04-2020	IPR011330	Glycoside hydrolase/deacetylase, beta/alpha-barrel	GO:0003824|GO:0005975
BCW-000270_02475_3	3ca5e22a9b0baeb89bf6e0e88bf6acc3	208	ProSiteProfiles	PS51677	NodB homology domain profile.	3	177	31.802	T	20-04-2020	IPR002509	NodB homology domain	GO:0005975|GO:0016810
BCW-000270_02475_3	3ca5e22a9b0baeb89bf6e0e88bf6acc3	208	CDD	cd10917	CE4_NodB_like_6s_7s	3	170	5.47475E-58	T	20-04-2020
BCW-200077_01411_8	67f42984099f9294819ae39345e1c632	372	MobiDBLite	mobidb-lite	consensus disorder prediction	278	315	-	T	20-04-2020
BCW-200077_01411_8	67f42984099f9294819ae39345e1c632	372	Pfam	PF13930	DNA/RNA non-specific endonuclease	104	248	2.7E-12	T	20-04-2020
BCW-200077_01411_8	67f42984099f9294819ae39345e1c632	372	Gene3D	G3DSA:3.40.570.10		38	276	1.0E-38	T	20-04-2020
BCW-000270_01342_2	e659486fb0205d89788fa94d741a0076	74	Coils	Coil		10	30	-	T	20-04-2020
BCW-000631_00801_8	0a3e9d877044c1781b0fd33a18850f0c	455	SUPERFAMILY	SSF103473		9	449	8.24E-43	T	20-04-2020	IPR036259	MFS transporter superfamily	
BCW-000631_00801_8	0a3e9d877044c1781b0fd33a18850f0c	455	PANTHER	PTHR42718:SF17		12	418	7.0E-75	T	20-04-2020
BCW-000631_00801_8	0a3e9d877044c1781b0fd33a18850f0c	455	PRINTS	PR01036	Tetracycline resistance protein TetB signature	20	44	1.8E-10	T	20-04-2020
BCW-000631_00801_8	0a3e9d877044c1781b0fd33a18850f0c	455	PRINTS	PR01036	Tetracycline resistance protein TetB signature	404	423	1.8E-10	T	20-04-2020
BCW-000631_00801_8	0a3e9d877044c1781b0fd33a18850f0c	455	PRINTS	PR01036	Tetracycline resistance protein TetB signature	141	165	1.8E-10	T	20-04-2020
BCW-000631_00801_8	0a3e9d877044c1781b0fd33a18850f0c	455	PRINTS	PR01036	Tetracycline resistance protein TetB signature	111	131	1.8E-10	T	20-04-2020
BCW-000631_00801_8	0a3e9d877044c1781b0fd33a18850f0c	455	PRINTS	PR01036	Tetracycline resistance protein TetB signature	207	225	1.8E-10	T	20-04-2020
BCW-000631_00801_8	0a3e9d877044c1781b0fd33a18850f0c	455	PRINTS	PR01036	Tetracycline resistance protein TetB signature	302	326	1.8E-10	T	20-04-2020
BCW-000631_00801_8	0a3e9d877044c1781b0fd33a18850f0c	455	CDD	cd06174	MFS	18	186	1.5203E-12	T	20-04-2020	IPR020846	Major facilitator superfamily domain	
BCW-000631_00801_8	0a3e9d877044c1781b0fd33a18850f0c	455	Pfam	PF07690	Major Facilitator Superfamily	23	409	3.8E-27	T	20-04-2020	IPR011701	Major facilitator superfamily	GO:0016021|GO:0055085
BCW-000631_00801_8	0a3e9d877044c1781b0fd33a18850f0c	455	ProSiteProfiles	PS50850	Major facilitator superfamily (MFS) profile.	1	453	26.563	T	20-04-2020	IPR020846	Major facilitator superfamily domain	
BCW-000631_00801_8	0a3e9d877044c1781b0fd33a18850f0c	455	Gene3D	G3DSA:1.20.1250.20		259	453	2.7E-14	T	20-04-2020
BCW-000631_00801_8	0a3e9d877044c1781b0fd33a18850f0c	455	PANTHER	PTHR42718		12	418	7.0E-75	T	20-04-2020
BCW-000631_00801_8	0a3e9d877044c1781b0fd33a18850f0c	455	Gene3D	G3DSA:1.20.1720.10		18	247	1.6E-28	T	20-04-2020
BCW-000270_02493_5	4ec8385e3e8145bc7ae3cf5059c02a70	268	SFLD	SFLDG01144	C2.B.4: PGP Like	1	264	0.0	T	20-04-2020
BCW-000270_02493_5	4ec8385e3e8145bc7ae3cf5059c02a70	268	SUPERFAMILY	SSF56784		1	264	1.06E-62	T	20-04-2020	IPR036412	HAD-like superfamily	
BCW-000270_02493_5	4ec8385e3e8145bc7ae3cf5059c02a70	268	TIGRFAM	TIGR00099	Cof-subfamily: Cof-like hydrolase	5	258	4.4E-55	T	20-04-2020	IPR000150	Cof family	GO:0016787
BCW-000270_02493_5	4ec8385e3e8145bc7ae3cf5059c02a70	268	TIGRFAM	TIGR01484	HAD-SF-IIB: HAD hydrolase, family IIB	5	233	1.3E-22	T	20-04-2020	IPR006379	HAD-superfamily hydrolase, subfamily IIB	
BCW-000270_02493_5	4ec8385e3e8145bc7ae3cf5059c02a70	268	Pfam	PF08282	haloacid dehalogenase-like hydrolase	5	258	4.7E-57	T	20-04-2020
BCW-000270_02493_5	4ec8385e3e8145bc7ae3cf5059c02a70	268	CDD	cd07518	HAD_YbiV-Like	3	260	6.70323E-71	T	20-04-2020
BCW-000270_02493_5	4ec8385e3e8145bc7ae3cf5059c02a70	268	Gene3D	G3DSA:3.30.1240.10		82	190	4.0E-72	T	20-04-2020
BCW-000270_02493_5	4ec8385e3e8145bc7ae3cf5059c02a70	268	PANTHER	PTHR10000		1	265	4.2E-72	T	20-04-2020
BCW-000270_02493_5	4ec8385e3e8145bc7ae3cf5059c02a70	268	PANTHER	PTHR10000:SF27		1	265	4.2E-72	T	20-04-2020
BCW-000270_02493_5	4ec8385e3e8145bc7ae3cf5059c02a70	268	ProSitePatterns	PS01229	Hypothetical cof family signature 2.	214	236	-	T	20-04-2020
BCW-000270_02493_5	4ec8385e3e8145bc7ae3cf5059c02a70	268	Gene3D	G3DSA:3.40.50.1000		5	260	4.0E-72	T	20-04-2020	IPR023214	HAD superfamily	
BCW-000270_02493_5	4ec8385e3e8145bc7ae3cf5059c02a70	268	SFLD	SFLDS00003	Haloacid Dehalogenase	1	264	0.0	T	20-04-2020
BCW-200077_01200_4	1910caa101cd6733ce28c3890b9d597c	330	Pfam	PF01032	FecCD transport family	3	315	3.4E-75	T	20-04-2020	IPR000522	ABC transporter, permease protein, BtuC-like	GO:0005215|GO:0016020
BCW-200077_01200_4	1910caa101cd6733ce28c3890b9d597c	330	CDD	cd06550	TM_ABC_iron-siderophores_like	44	314	1.28429E-39	T	20-04-2020
BCW-200077_01200_4	1910caa101cd6733ce28c3890b9d597c	330	Gene3D	G3DSA:1.10.3470.10		1	323	4.2E-79	T	20-04-2020	IPR037294	ABC transporter, BtuC-like	
BCW-200077_01200_4	1910caa101cd6733ce28c3890b9d597c	330	SUPERFAMILY	SSF81345		3	314	4.45E-61	T	20-04-2020	IPR037294	ABC transporter, BtuC-like	
BCW-200077_01200_4	1910caa101cd6733ce28c3890b9d597c	330	PANTHER	PTHR30472		3	317	3.6E-73	T	20-04-2020	IPR000522	ABC transporter, permease protein, BtuC-like	GO:0005215|GO:0016020
BCW-000271_01472_9	e975b661dcf71627e2387c737a8a3f5a	440	MobiDBLite	mobidb-lite	consensus disorder prediction	81	108	-	T	20-04-2020
BCW-000271_01472_9	e975b661dcf71627e2387c737a8a3f5a	440	Gene3D	G3DSA:3.40.570.10		115	344	7.6E-38	T	20-04-2020
BCW-000271_01472_9	e975b661dcf71627e2387c737a8a3f5a	440	MobiDBLite	mobidb-lite	consensus disorder prediction	345	382	-	T	20-04-2020
BCW-000271_01472_9	e975b661dcf71627e2387c737a8a3f5a	440	Pfam	PF13930	DNA/RNA non-specific endonuclease	223	317	4.2E-10	T	20-04-2020
BCW-000270_01196_6	59c70d257fd957b03961ffd67a4b52f1	324	Gene3D	G3DSA:1.10.443.10		109	319	5.4E-38	T	20-04-2020	IPR013762	Integrase-like, catalytic domain superfamily	GO:0003677|GO:0006310|GO:0015074
BCW-000270_01196_6	59c70d257fd957b03961ffd67a4b52f1	324	Pfam	PF00589	Phage integrase family	151	304	2.5E-29	T	20-04-2020	IPR002104	Integrase, catalytic domain	GO:0003677|GO:0006310|GO:0015074
BCW-000270_01196_6	59c70d257fd957b03961ffd67a4b52f1	324	SUPERFAMILY	SSF56349		6	305	1.12E-46	T	20-04-2020	IPR011010	DNA breaking-rejoining enzyme, catalytic core	GO:0003677
BCW-000270_01196_6	59c70d257fd957b03961ffd67a4b52f1	324	Pfam	PF02899	Phage integrase, N-terminal SAM-like domain	17	90	2.8E-7	T	20-04-2020	IPR004107	Integrase, SAM-like, N-terminal	GO:0003677|GO:0015074
BCW-000270_01196_6	59c70d257fd957b03961ffd67a4b52f1	324	PANTHER	PTHR30349		9	301	5.4E-37	T	20-04-2020
BCW-000270_01196_6	59c70d257fd957b03961ffd67a4b52f1	324	Gene3D	G3DSA:1.10.150.130		1	108	5.0E-18	T	20-04-2020	IPR010998	Integrase/recombinase, N-terminal	
BCW-000270_01196_6	59c70d257fd957b03961ffd67a4b52f1	324	CDD	cd00397	DNA_BRE_C	149	302	9.08073E-33	T	20-04-2020
BCW-000270_02494_3	c58bb1ce64e451b143bbe8c07bdd8525	39	Coils	Coil		36	39	-	T	20-04-2020
BCW-000270_02425_9	5c3ed520bf7f3126c3daf397f3068a8c	229	CDD	cd06261	TM_PBP2	76	228	9.26508E-4	T	20-04-2020	IPR000515	ABC transporter type 1, transmembrane domain MetI-like	GO:0016020|GO:0055085
BCW-000270_02425_9	5c3ed520bf7f3126c3daf397f3068a8c	229	Gene3D	G3DSA:1.10.3720.10		72	226	1.7E-11	T	20-04-2020	IPR035906	MetI-like superfamily	
BCW-000270_02425_9	5c3ed520bf7f3126c3daf397f3068a8c	229	SUPERFAMILY	SSF161098		69	222	2.09E-10	T	20-04-2020	IPR035906	MetI-like superfamily	
BCW-000270_02425_9	5c3ed520bf7f3126c3daf397f3068a8c	229	PANTHER	PTHR42744		55	224	1.2E-50	T	20-04-2020
BCW-000212_01946_17	0aa480c6e1fab4f878f43db338fae446	717	PANTHER	PTHR12143		7	716	3.9E-158	T	20-04-2020
BCW-000212_01946_17	0aa480c6e1fab4f878f43db338fae446	717	TIGRFAM	TIGR01180	aman2_put: putative alpha-1,2-mannosidase	11	701	6.3E-143	T	20-04-2020	IPR005887	Alpha-1,2-mannosidase, putative	
BCW-000212_01946_17	0aa480c6e1fab4f878f43db338fae446	717	Gene3D	G3DSA:1.20.1050.60		315	408	9.0E-198	T	20-04-2020
BCW-000212_01946_17	0aa480c6e1fab4f878f43db338fae446	717	Gene3D	G3DSA:1.20.1610.10		409	573	9.0E-198	T	20-04-2020
BCW-000212_01946_17	0aa480c6e1fab4f878f43db338fae446	717	PANTHER	PTHR12143:SF35		7	716	3.9E-158	T	20-04-2020
BCW-000212_01946_17	0aa480c6e1fab4f878f43db338fae446	717	Gene3D	G3DSA:2.70.98.10		6	314	9.0E-198	T	20-04-2020	IPR014718	Glycoside hydrolase-type carbohydrate-binding	GO:0030246
BCW-000212_01946_17	0aa480c6e1fab4f878f43db338fae446	717	SUPERFAMILY	SSF48208		233	647	1.25E-26	T	20-04-2020	IPR008928	Six-hairpin glycosidase superfamily	GO:0003824
BCW-000212_01946_17	0aa480c6e1fab4f878f43db338fae446	717	Pfam	PF07971	Glycosyl hydrolase family 92	225	697	2.2E-138	T	20-04-2020	IPR012939	Glycosyl hydrolase family 92	
BCW-000212_01946_17	0aa480c6e1fab4f878f43db338fae446	717	Gene3D	G3DSA:3.30.2080.10		260	701	9.0E-198	T	20-04-2020
BCW-000212_01946_17	0aa480c6e1fab4f878f43db338fae446	717	Pfam	PF17678	Glycosyl hydrolase family 92 N-terminal domain	6	224	4.0E-12	T	20-04-2020
BCW-000270_02494_6	f6f298dcfb16c6d1951c384534ba602a	208	Pfam	PF14602	Hexapeptide repeat of succinyl-transferase	132	167	4.4E-10	T	20-04-2020	IPR001451	Hexapeptide repeat	
BCW-000270_02494_6	f6f298dcfb16c6d1951c384534ba602a	208	SUPERFAMILY	SSF51161		9	195	1.01E-46	T	20-04-2020	IPR011004	Trimeric LpxA-like superfamily	
BCW-000270_02494_6	f6f298dcfb16c6d1951c384534ba602a	208	Gene3D	G3DSA:2.160.10.10		5	204	1.7E-61	T	20-04-2020
BCW-000270_02494_6	f6f298dcfb16c6d1951c384534ba602a	208	PANTHER	PTHR23416		9	192	6.8E-70	T	20-04-2020
BCW-000270_02494_6	f6f298dcfb16c6d1951c384534ba602a	208	SMART	SM01266		7	61	1.8E-5	T	20-04-2020	IPR024688	Maltose/galactoside acetyltransferase	GO:0016407
BCW-000270_02494_6	f6f298dcfb16c6d1951c384534ba602a	208	CDD	cd03357	LbH_MAT_GAT	15	183	1.30649E-89	T	20-04-2020
BCW-000270_02494_6	f6f298dcfb16c6d1951c384534ba602a	208	ProSitePatterns	PS00101	Hexapeptide-repeat containing-transferases signature.	141	169	-	T	20-04-2020	IPR018357	Hexapeptide transferase, conserved site	GO:0016740
BCW-000270_02494_6	f6f298dcfb16c6d1951c384534ba602a	208	PANTHER	PTHR23416:SF23		9	192	6.8E-70	T	20-04-2020
BCW-000271_00294_21	6469bf77a6542b6fdb56307d889f8533	42	MobiDBLite	mobidb-lite	consensus disorder prediction	1	19	-	T	20-04-2020
BCW-000271_00294_21	6469bf77a6542b6fdb56307d889f8533	42	MobiDBLite	mobidb-lite	consensus disorder prediction	1	27	-	T	20-04-2020
BCW-000212_00133_6	9acb6afa12042ec8d4afa1f7c2ccea42	394	PANTHER	PTHR30349:SF55		8	390	1.9E-52	T	20-04-2020
BCW-000212_00133_6	9acb6afa12042ec8d4afa1f7c2ccea42	394	Gene3D	G3DSA:1.10.443.10		189	393	9.9E-50	T	20-04-2020	IPR013762	Integrase-like, catalytic domain superfamily	GO:0003677|GO:0006310|GO:0015074
BCW-000212_00133_6	9acb6afa12042ec8d4afa1f7c2ccea42	394	CDD	cd01189	INT_ICEBs1_C_like	193	375	2.51229E-41	T	20-04-2020
BCW-000212_00133_6	9acb6afa12042ec8d4afa1f7c2ccea42	394	Gene3D	G3DSA:1.10.150.130		68	188	1.2E-16	T	20-04-2020	IPR010998	Integrase/recombinase, N-terminal	
BCW-000212_00133_6	9acb6afa12042ec8d4afa1f7c2ccea42	394	Pfam	PF00589	Phage integrase family	191	376	1.2E-27	T	20-04-2020	IPR002104	Integrase, catalytic domain	GO:0003677|GO:0006310|GO:0015074
BCW-000212_00133_6	9acb6afa12042ec8d4afa1f7c2ccea42	394	Pfam	PF14659	Phage integrase, N-terminal SAM-like domain	69	125	4.6E-11	T	20-04-2020	IPR004107	Integrase, SAM-like, N-terminal	GO:0003677|GO:0015074
BCW-000212_00133_6	9acb6afa12042ec8d4afa1f7c2ccea42	394	SUPERFAMILY	SSF56349		69	385	4.47E-62	T	20-04-2020	IPR011010	DNA breaking-rejoining enzyme, catalytic core	GO:0003677
BCW-000212_00133_6	9acb6afa12042ec8d4afa1f7c2ccea42	394	PANTHER	PTHR30349		8	390	1.9E-52	T	20-04-2020
BCW-200077_01411_6	b210e1a1ea5d219eed987f8db7c4fecb	42	MobiDBLite	mobidb-lite	consensus disorder prediction	1	25	-	T	20-04-2020
BCW-000631_00808_3	09440b716af2b749e47f92aa5328f7bc	236	PANTHER	PTHR33121		10	227	1.8E-18	T	20-04-2020
BCW-000631_00808_3	09440b716af2b749e47f92aa5328f7bc	236	PANTHER	PTHR33121:SF30		10	227	1.8E-18	T	20-04-2020
BCW-000631_00808_3	09440b716af2b749e47f92aa5328f7bc	236	ProSiteProfiles	PS50883	EAL domain profile.	1	236	25.209	T	20-04-2020	IPR001633	EAL domain	
BCW-000631_00808_3	09440b716af2b749e47f92aa5328f7bc	236	Gene3D	G3DSA:3.20.20.450		5	228	1.5E-28	T	20-04-2020	IPR035919	EAL domain superfamily	
BCW-000631_00808_3	09440b716af2b749e47f92aa5328f7bc	236	Pfam	PF00563	EAL domain	8	227	1.2E-22	T	20-04-2020	IPR001633	EAL domain	
BCW-000631_00808_3	09440b716af2b749e47f92aa5328f7bc	236	SMART	SM00052		5	230	0.0012	T	20-04-2020	IPR001633	EAL domain	
BCW-000631_00808_3	09440b716af2b749e47f92aa5328f7bc	236	SUPERFAMILY	SSF141868		5	227	1.24E-26	T	20-04-2020	IPR035919	EAL domain superfamily	
BCW-000271_02489_1	c3732af5d20282a1a4b59f2778ee7255	27	MobiDBLite	mobidb-lite	consensus disorder prediction	12	27	-	T	20-04-2020
BCW-000271_02489_1	c3732af5d20282a1a4b59f2778ee7255	27	MobiDBLite	mobidb-lite	consensus disorder prediction	1	27	-	T	20-04-2020
BCW-000270_02429_2	fd165b23c780bf1c718ebebff48f5c93	52	SUPERFAMILY	SSF143100		2	50	3.53E-5	T	20-04-2020	IPR035069	TTHA1013/TTHA0281-like	
BCW-000271_01484_5	f8d129ae9a06efa7db808501e46fe6df	141	MobiDBLite	mobidb-lite	consensus disorder prediction	42	70	-	T	20-04-2020
BCW-000271_02412_19	ceecb0abadeddcf5f432fd3bbd7a0dad	71	MobiDBLite	mobidb-lite	consensus disorder prediction	49	71	-	T	20-04-2020
BCW-000212_00679_1	732a4d7489cb4f3ac93672d98872d259	31	MobiDBLite	mobidb-lite	consensus disorder prediction	17	31	-	T	20-04-2020
BCW-000212_00679_1	732a4d7489cb4f3ac93672d98872d259	31	MobiDBLite	mobidb-lite	consensus disorder prediction	1	31	-	T	20-04-2020
BCW-000212_01232_3	edfce62afdd0a07361f8bc4e1738a03d	133	Coils	Coil		55	75	-	T	20-04-2020
BCW-000212_01232_3	edfce62afdd0a07361f8bc4e1738a03d	133	Pfam	PF05263	Protein of unknown function (DUF722)	1	124	7.6E-53	T	20-04-2020	IPR007927	Protein of unknown function DUF722	
BCW-000212_00141_6	78728521071fa18afd3084374625c153	38	MobiDBLite	mobidb-lite	consensus disorder prediction	1	25	-	T	20-04-2020
BCW-000271_01121_4	ae5e167986333d88645cf26a0a6000f3	381	Gene3D	G3DSA:3.90.1510.10		44	279	1.9E-137	T	20-04-2020	IPR018193	Glycerate kinase, flavodoxin-like fold	GO:0008887|GO:0031388
BCW-000271_01121_4	ae5e167986333d88645cf26a0a6000f3	381	Pfam	PF02595	Glycerate kinase family	5	376	1.2E-143	T	20-04-2020	IPR004381	Glycerate kinase	GO:0008887|GO:0031388
BCW-000271_01121_4	ae5e167986333d88645cf26a0a6000f3	381	TIGRFAM	TIGR00045	TIGR00045: glycerate kinase	4	378	1.6E-158	T	20-04-2020	IPR004381	Glycerate kinase	GO:0008887|GO:0031388
BCW-000271_01121_4	ae5e167986333d88645cf26a0a6000f3	381	SUPERFAMILY	SSF110738		4	378	5.36E-137	T	20-04-2020	IPR036129	Glycerate kinase superfamily	GO:0008887|GO:0031388
BCW-000271_01121_4	ae5e167986333d88645cf26a0a6000f3	381	PANTHER	PTHR21599		1	377	9.3E-133	T	20-04-2020	IPR004381	Glycerate kinase	GO:0008887|GO:0031388
BCW-000271_01121_4	ae5e167986333d88645cf26a0a6000f3	381	PIRSF	PIRSF006078		3	380	7.3E-139	T	20-04-2020	IPR004381	Glycerate kinase	GO:0008887|GO:0031388
BCW-000271_01121_4	ae5e167986333d88645cf26a0a6000f3	381	Gene3D	G3DSA:3.40.50.10350		4	365	1.9E-137	T	20-04-2020	IPR018197	Glycerate kinase, restriction-enzyme-like fold	
BCW-000270_02473_10	a18f901a84f773053e2156d41d8f8d31	582	Pfam	PF00149	Calcineurin-like phosphoesterase	298	530	6.1E-6	T	20-04-2020	IPR004843	Calcineurin-like phosphoesterase domain, ApaH type	GO:0016787
BCW-000270_02473_10	a18f901a84f773053e2156d41d8f8d31	582	SUPERFAMILY	SSF56300		335	531	2.23E-10	T	20-04-2020
BCW-000212_01936_15	af42c425f12725494e194b127bd726c9	41	MobiDBLite	mobidb-lite	consensus disorder prediction	18	41	-	T	20-04-2020
BCW-200077_01199_13	a80c22fd91693df03fba6b58ebf001d7	58	Coils	Coil		17	37	-	T	20-04-2020
BCW-200077_01197_5	27b87e65659c895ca5a13ab6e203c4c0	191	SUPERFAMILY	SSF51735		4	184	2.73E-26	T	20-04-2020	IPR036291	NAD(P)-binding domain superfamily	
BCW-200077_01197_5	27b87e65659c895ca5a13ab6e203c4c0	191	PANTHER	PTHR14239:SF0		39	169	2.2E-23	T	20-04-2020
BCW-200077_01197_5	27b87e65659c895ca5a13ab6e203c4c0	191	Gene3D	G3DSA:3.40.50.720		1	170	1.0E-45	T	20-04-2020
BCW-200077_01197_5	27b87e65659c895ca5a13ab6e203c4c0	191	PANTHER	PTHR14239		39	169	2.2E-23	T	20-04-2020
BCW-000212_00156_2	1e63894696eded7f93342fdc26ce0aaa	136	Pfam	PF05263	Protein of unknown function (DUF722)	2	134	2.4E-54	T	20-04-2020	IPR007927	Protein of unknown function DUF722	
BCW-000270_01314_8	c54cd4b900facb55880560308c7e9eb7	326	SMART	SM01133		21	283	1.4E-28	T	20-04-2020	IPR002915	DeoC/FbaB/ lacD aldolase	GO:0016829
BCW-000270_01314_8	c54cd4b900facb55880560308c7e9eb7	326	PANTHER	PTHR39340		1	324	6.4E-147	T	20-04-2020
BCW-000270_01314_8	c54cd4b900facb55880560308c7e9eb7	326	Pfam	PF01791	DeoC/LacD family aldolase	21	282	1.2E-73	T	20-04-2020	IPR002915	DeoC/FbaB/ lacD aldolase	GO:0016829
BCW-000270_01314_8	c54cd4b900facb55880560308c7e9eb7	326	Gene3D	G3DSA:3.20.20.70		2	326	2.2E-113	T	20-04-2020	IPR013785	Aldolase-type TIM barrel	GO:0003824
BCW-000270_01314_8	c54cd4b900facb55880560308c7e9eb7	326	Hamap	MF_00734	Tagatose 1,6-diphosphate aldolase [lacD].	1	326	210.497	T	20-04-2020	IPR005927	Tagatose 1,6-diphosphate aldolase	GO:0009024|GO:0019512
BCW-000270_01314_8	c54cd4b900facb55880560308c7e9eb7	326	TIGRFAM	TIGR01232	lacD: tagatose 1,6-diphosphate aldolase	2	326	1.6E-213	T	20-04-2020	IPR005927	Tagatose 1,6-diphosphate aldolase	GO:0009024|GO:0019512
BCW-000270_01314_8	c54cd4b900facb55880560308c7e9eb7	326	SUPERFAMILY	SSF51569		7	322	4.03E-67	T	20-04-2020
BCW-000212_00507_7	09d9520111a604628721e7226f01f20b	315	PRINTS	PR01469	Bacterial carbamate kinase signature	75	93	1.0E-60	T	20-04-2020
BCW-000212_00507_7	09d9520111a604628721e7226f01f20b	315	PRINTS	PR01469	Bacterial carbamate kinase signature	214	229	1.0E-60	T	20-04-2020
BCW-000212_00507_7	09d9520111a604628721e7226f01f20b	315	PRINTS	PR01469	Bacterial carbamate kinase signature	161	180	1.0E-60	T	20-04-2020
BCW-000212_00507_7	09d9520111a604628721e7226f01f20b	315	PRINTS	PR01469	Bacterial carbamate kinase signature	184	202	1.0E-60	T	20-04-2020
BCW-000212_00507_7	09d9520111a604628721e7226f01f20b	315	PRINTS	PR01469	Bacterial carbamate kinase signature	111	130	1.0E-60	T	20-04-2020
BCW-000212_00507_7	09d9520111a604628721e7226f01f20b	315	PRINTS	PR01469	Bacterial carbamate kinase signature	43	62	1.0E-60	T	20-04-2020
BCW-000212_00507_7	09d9520111a604628721e7226f01f20b	315	PRINTS	PR01469	Bacterial carbamate kinase signature	269	284	1.0E-60	T	20-04-2020
BCW-000212_00507_7	09d9520111a604628721e7226f01f20b	315	PANTHER	PTHR30409:SF1		1	314	9.1E-121	T	20-04-2020
BCW-000212_00507_7	09d9520111a604628721e7226f01f20b	315	PANTHER	PTHR30409		1	314	9.1E-121	T	20-04-2020	IPR003964	Carbamate kinase	GO:0006525|GO:0008804
BCW-000212_00507_7	09d9520111a604628721e7226f01f20b	315	Pfam	PF00696	Amino acid kinase family	3	296	2.4E-31	T	20-04-2020	IPR001048	Aspartate/glutamate/uridylate kinase	
BCW-000212_00507_7	09d9520111a604628721e7226f01f20b	315	CDD	cd04235	AAK_CK	4	313	2.01404E-170	T	20-04-2020	IPR003964	Carbamate kinase	GO:0006525|GO:0008804
BCW-000212_00507_7	09d9520111a604628721e7226f01f20b	315	PIRSF	PIRSF000723		1	314	2.0E-118	T	20-04-2020	IPR003964	Carbamate kinase	GO:0006525|GO:0008804
BCW-000212_00507_7	09d9520111a604628721e7226f01f20b	315	SUPERFAMILY	SSF53633		3	312	3.67E-78	T	20-04-2020	IPR036393	Acetylglutamate kinase-like superfamily	
BCW-000212_00507_7	09d9520111a604628721e7226f01f20b	315	TIGRFAM	TIGR00746	arcC: carbamate kinase	3	313	1.7E-120	T	20-04-2020	IPR003964	Carbamate kinase	GO:0006525|GO:0008804
BCW-000212_00507_7	09d9520111a604628721e7226f01f20b	315	Gene3D	G3DSA:3.40.1160.10		1	314	3.2E-118	T	20-04-2020	IPR036393	Acetylglutamate kinase-like superfamily	
BCW-000270_02426_2	dcab8f04c3c36d6a8bdd4da8a8a768d9	125	SUPERFAMILY	SSF52540		7	89	3.56E-18	T	20-04-2020	IPR027417	P-loop containing nucleoside triphosphate hydrolase	
BCW-000270_02426_2	dcab8f04c3c36d6a8bdd4da8a8a768d9	125	Gene3D	G3DSA:3.40.50.300		6	121	4.1E-18	T	20-04-2020
BCW-000270_02426_2	dcab8f04c3c36d6a8bdd4da8a8a768d9	125	PANTHER	PTHR42788		7	117	1.3E-33	T	20-04-2020
BCW-000270_02426_2	dcab8f04c3c36d6a8bdd4da8a8a768d9	125	PANTHER	PTHR42788:SF15		7	117	1.3E-33	T	20-04-2020
BCW-000212_01240_1	791a0a4bbd3bef4f3bbe06446c05be31	111	Pfam	PF06600	Protein of unknown function (DUF1140)	5	103	8.3E-48	T	20-04-2020	IPR009520	Protein of unknown function DUF1140	
BCW-000212_01240_1	791a0a4bbd3bef4f3bbe06446c05be31	111	Coils	Coil		22	42	-	T	20-04-2020
BCW-000270_00163_13	340ec7a917f58d575f646c1f2f441663	48	MobiDBLite	mobidb-lite	consensus disorder prediction	24	48	-	T	20-04-2020
BCW-000270_00163_13	340ec7a917f58d575f646c1f2f441663	48	MobiDBLite	mobidb-lite	consensus disorder prediction	27	48	-	T	20-04-2020
BCW-000271_01121_8	243ff2cf764271fb7f5f894d8c427c7c	30	MobiDBLite	mobidb-lite	consensus disorder prediction	1	20	-	T	20-04-2020
BCW-000271_01121_8	243ff2cf764271fb7f5f894d8c427c7c	30	MobiDBLite	mobidb-lite	consensus disorder prediction	1	17	-	T	20-04-2020
BCW-200077_01390_3	7fe71820e94158a1ff6e77e3e299039a	109	Gene3D	G3DSA:1.10.10.10		2	67	1.4E-6	T	20-04-2020	IPR036388	Winged helix-like DNA-binding domain superfamily	
BCW-200077_01390_3	7fe71820e94158a1ff6e77e3e299039a	109	SUPERFAMILY	SSF46785		5	68	6.65E-5	T	20-04-2020	IPR036390	Winged helix DNA-binding domain superfamily	
BCW-200077_01201_4	bda9746a4fabd745ea9fb92a8369cb81	249	Pfam	PF00756	Putative esterase	14	213	1.2E-8	T	20-04-2020	IPR000801	Putative esterase	
BCW-200077_01201_4	bda9746a4fabd745ea9fb92a8369cb81	249	Gene3D	G3DSA:3.40.50.1820		8	247	7.0E-43	T	20-04-2020	IPR029058	Alpha/Beta hydrolase fold	
BCW-200077_01201_4	bda9746a4fabd745ea9fb92a8369cb81	249	PANTHER	PTHR40841		10	201	4.4E-29	T	20-04-2020
BCW-200077_01201_4	bda9746a4fabd745ea9fb92a8369cb81	249	SUPERFAMILY	SSF53474		10	245	8.03E-44	T	20-04-2020	IPR029058	Alpha/Beta hydrolase fold	
BCW-000270_01839_28	414c185de0002c530371625522ab374f	163	MobiDBLite	mobidb-lite	consensus disorder prediction	62	83	-	T	20-04-2020
BCW-200077_01384_4	c8b3e283cd55fbed2badd886af95da1b	32	ProSiteProfiles	PS50965	NERD domain profile.	1	32	9.573	T	20-04-2020	IPR011528	Nuclease-related domain, NERD	
BCW-000212_01946_31	678af0ed6c27bef3c4d50851d3596de9	53	MobiDBLite	mobidb-lite	consensus disorder prediction	34	53	-	T	20-04-2020
BCW-000212_01604_7	de96b257e834c80392de4b45b99031c8	43	ProSiteProfiles	PS51410	Biopterin-dependent aromatic amino acid hydroxylase family profile.	1	43	9.163	T	20-04-2020	IPR019774	Aromatic amino acid hydroxylase, C-terminal	GO:0016714|GO:0055114
BCW-000270_02428_13	08f0fb973abdd13e1bd24fa6d8dad9b3	47	MobiDBLite	mobidb-lite	consensus disorder prediction	9	29	-	T	20-04-2020
BCW-000270_00677_6	c633160e98ad723b3534f8e1f9149841	26	MobiDBLite	mobidb-lite	consensus disorder prediction	1	26	-	T	20-04-2020
BCW-000270_01144_13	0c3013c66db76a59f9716415e741fc3e	34	MobiDBLite	mobidb-lite	consensus disorder prediction	1	34	-	T	20-04-2020
BCW-000212_00155_1	2f4c92e3c50c8744c4bfc8b79a7fdd84	37	MobiDBLite	mobidb-lite	consensus disorder prediction	1	37	-	T	20-04-2020
BCW-000270_02430_2	15f856480ad8d99f6d04eeb972533744	27	ProSiteProfiles	PS50965	NERD domain profile.	1	27	9.248	T	20-04-2020	IPR011528	Nuclease-related domain, NERD	
BCW-000212_00700_25	ad77b13b70dafa7a8fadcc19e7549357	53	MobiDBLite	mobidb-lite	consensus disorder prediction	1	22	-	T	20-04-2020
BCW-000270_01315_8	1eb4c658230a3638281da189ffecd051	90	MobiDBLite	mobidb-lite	consensus disorder prediction	67	90	-	T	20-04-2020
BCW-000212_00151_2	4cfa6a77f33d2616bfda68188b12e3c7	109	Gene3D	G3DSA:1.10.10.10		2	67	3.2E-6	T	20-04-2020	IPR036388	Winged helix-like DNA-binding domain superfamily	
BCW-000212_01604_17	bba4d4a60373c6c3041d4343a699b581	74	MobiDBLite	mobidb-lite	consensus disorder prediction	1	34	-	T	20-04-2020
BCW-000270_02430_6	039fdf87e83840f73e9633e5d8785fd6	179	Pfam	PF07274	Protein of unknown function (DUF1440)	27	161	3.2E-56	T	20-04-2020	IPR009898	Protein of unknown function DUF1440	
