BCW-000270_01560_33	96ab43d99b82ea96fb38aad922e9c5ca	46	MobiDBLite	mobidb-lite	consensus disorder prediction	22	46	-	T	12-04-2020
BCW-000270_01560_33	96ab43d99b82ea96fb38aad922e9c5ca	46	MobiDBLite	mobidb-lite	consensus disorder prediction	22	40	-	T	12-04-2020
BCW-000271_01530_3	ad1f20a6dd03496479bd77fdea33cacd	145	SUPERFAMILY	SSF52402		7	145	7.67E-23	T	12-04-2020
BCW-000271_01530_3	ad1f20a6dd03496479bd77fdea33cacd	145	PANTHER	PTHR31964:SF109		7	145	8.4E-17	T	12-04-2020
BCW-000271_01530_3	ad1f20a6dd03496479bd77fdea33cacd	145	CDD	cd00293	USP_Like	9	144	3.00408E-21	T	12-04-2020
BCW-000271_01530_3	ad1f20a6dd03496479bd77fdea33cacd	145	PANTHER	PTHR31964		7	145	8.4E-17	T	12-04-2020	IPR006015	Universal stress protein A	
BCW-000271_01530_3	ad1f20a6dd03496479bd77fdea33cacd	145	PRINTS	PR01438	Universal stress protein signature	7	25	3.8E-10	T	12-04-2020	IPR006015	Universal stress protein A	
BCW-000271_01530_3	ad1f20a6dd03496479bd77fdea33cacd	145	PRINTS	PR01438	Universal stress protein signature	106	118	3.8E-10	T	12-04-2020	IPR006015	Universal stress protein A	
BCW-000271_01530_3	ad1f20a6dd03496479bd77fdea33cacd	145	PRINTS	PR01438	Universal stress protein signature	123	145	3.8E-10	T	12-04-2020	IPR006015	Universal stress protein A	
BCW-000271_01530_3	ad1f20a6dd03496479bd77fdea33cacd	145	Gene3D	G3DSA:3.40.50.620		9	145	2.4E-41	T	12-04-2020	IPR014729	Rossmann-like alpha/beta/alpha sandwich fold	
BCW-000271_01530_3	ad1f20a6dd03496479bd77fdea33cacd	145	Pfam	PF00582	Universal stress protein family	7	145	1.7E-23	T	12-04-2020	IPR006016	UspA	
BCW-000272_00295_6	320f6d3294bb732827a346ac56c53ec1	300	CDD	cd00012	NBD_sugar-kinase_HSP70_actin	5	168	2.13972E-20	T	12-04-2020
BCW-000272_00295_6	320f6d3294bb732827a346ac56c53ec1	300	PANTHER	PTHR18964:SF151		1	300	4.4E-74	T	12-04-2020
BCW-000272_00295_6	320f6d3294bb732827a346ac56c53ec1	300	SUPERFAMILY	SSF53067		1	299	1.3E-58	T	12-04-2020
BCW-000272_00295_6	320f6d3294bb732827a346ac56c53ec1	300	Gene3D	G3DSA:3.30.420.40		121	283	3.8E-77	T	12-04-2020
BCW-000272_00295_6	320f6d3294bb732827a346ac56c53ec1	300	Gene3D	G3DSA:3.30.420.40		5	293	3.8E-77	T	12-04-2020
BCW-000272_00295_6	320f6d3294bb732827a346ac56c53ec1	300	Pfam	PF00480	ROK family	5	299	1.2E-48	T	12-04-2020	IPR000600	ROK family	
BCW-000272_00295_6	320f6d3294bb732827a346ac56c53ec1	300	PANTHER	PTHR18964		1	300	4.4E-74	T	12-04-2020	IPR000600	ROK family	
BCW-200158_00071_11	a866596c012fa3e3fff65eb1e2f24125	547	Pfam	PF02776	Thiamine pyrophosphate enzyme, N-terminal TPP binding domain	3	176	1.4E-34	T	12-04-2020	IPR012001	Thiamine pyrophosphate enzyme, N-terminal TPP-binding domain	GO:0030976
BCW-200158_00071_11	a866596c012fa3e3fff65eb1e2f24125	547	Pfam	PF00205	Thiamine pyrophosphate enzyme, central domain	197	314	2.9E-20	T	12-04-2020	IPR012000	Thiamine pyrophosphate enzyme, central domain	GO:0000287|GO:0030976
BCW-200158_00071_11	a866596c012fa3e3fff65eb1e2f24125	547	SUPERFAMILY	SSF52518		353	546	2.76E-42	T	12-04-2020	IPR029061	Thiamin diphosphate-binding fold	
BCW-200158_00071_11	a866596c012fa3e3fff65eb1e2f24125	547	Gene3D	G3DSA:3.40.50.970		1	181	4.2E-81	T	12-04-2020
BCW-200158_00071_11	a866596c012fa3e3fff65eb1e2f24125	547	Gene3D	G3DSA:3.40.50.1220		188	350	1.2E-64	T	12-04-2020
BCW-200158_00071_11	a866596c012fa3e3fff65eb1e2f24125	547	SUPERFAMILY	SSF52467		163	330	5.38E-30	T	12-04-2020	IPR029035	DHS-like NAD/FAD-binding domain superfamily	
BCW-200158_00071_11	a866596c012fa3e3fff65eb1e2f24125	547	PIRSF	PIRSF036565		1	547	3.4E-205	T	12-04-2020	IPR012110	Thiamine pyrophosphate (TPP)-dependent enzyme	GO:0016831
BCW-200158_00071_11	a866596c012fa3e3fff65eb1e2f24125	547	SUPERFAMILY	SSF52518		1	178	1.55E-42	T	12-04-2020	IPR029061	Thiamin diphosphate-binding fold	
BCW-200158_00071_11	a866596c012fa3e3fff65eb1e2f24125	547	PANTHER	PTHR43452:SF6		2	547	2.4E-191	T	12-04-2020
BCW-200158_00071_11	a866596c012fa3e3fff65eb1e2f24125	547	CDD	cd07038	TPP_PYR_PDC_IPDC_like	6	166	4.2832E-96	T	12-04-2020
BCW-200158_00071_11	a866596c012fa3e3fff65eb1e2f24125	547	Pfam	PF02775	Thiamine pyrophosphate enzyme, C-terminal TPP binding domain	389	513	7.5E-15	T	12-04-2020	IPR011766	Thiamine pyrophosphate enzyme, C-terminal TPP-binding	GO:0003824|GO:0030976
BCW-200158_00071_11	a866596c012fa3e3fff65eb1e2f24125	547	Gene3D	G3DSA:3.40.50.970		351	540	4.0E-58	T	12-04-2020
BCW-200158_00071_11	a866596c012fa3e3fff65eb1e2f24125	547	CDD	cd02005	TPP_PDC_IPDC	353	536	1.577E-97	T	12-04-2020
BCW-200158_00071_11	a866596c012fa3e3fff65eb1e2f24125	547	PANTHER	PTHR43452		2	547	2.4E-191	T	12-04-2020
BCW-000270_01560_17	1de703272884f25f6a2f20ac370975d8	705	Pfam	PF00403	Heavy-metal-associated domain	9	59	3.4E-12	T	12-04-2020	IPR006121	Heavy metal-associated domain, HMA	GO:0030001|GO:0046872
BCW-000270_01560_17	1de703272884f25f6a2f20ac370975d8	705	Gene3D	G3DSA:3.40.50.1000		377	651	1.6E-83	T	12-04-2020	IPR023214	HAD superfamily	
BCW-000270_01560_17	1de703272884f25f6a2f20ac370975d8	705	Gene3D	G3DSA:2.70.150.20		182	299	3.2E-34	T	12-04-2020
BCW-000270_01560_17	1de703272884f25f6a2f20ac370975d8	705	ProSitePatterns	PS00154	E1-E2 ATPases phosphorylation site.	398	404	-	T	12-04-2020	IPR018303	P-type ATPase, phosphorylation site	
BCW-000270_01560_17	1de703272884f25f6a2f20ac370975d8	705	SFLD	SFLDF00027	p-type atpase	378	651	0.0	T	12-04-2020
BCW-000270_01560_17	1de703272884f25f6a2f20ac370975d8	705	PRINTS	PR00119	P-type cation-transporting ATPase superfamily signature	245	259	9.0E-24	T	12-04-2020
BCW-000270_01560_17	1de703272884f25f6a2f20ac370975d8	705	PRINTS	PR00119	P-type cation-transporting ATPase superfamily signature	396	410	9.0E-24	T	12-04-2020
BCW-000270_01560_17	1de703272884f25f6a2f20ac370975d8	705	PRINTS	PR00119	P-type cation-transporting ATPase superfamily signature	622	634	9.0E-24	T	12-04-2020
BCW-000270_01560_17	1de703272884f25f6a2f20ac370975d8	705	PRINTS	PR00119	P-type cation-transporting ATPase superfamily signature	545	555	9.0E-24	T	12-04-2020
BCW-000270_01560_17	1de703272884f25f6a2f20ac370975d8	705	PRINTS	PR00119	P-type cation-transporting ATPase superfamily signature	598	617	9.0E-24	T	12-04-2020
BCW-000270_01560_17	1de703272884f25f6a2f20ac370975d8	705	PRINTS	PR00119	P-type cation-transporting ATPase superfamily signature	522	533	9.0E-24	T	12-04-2020
BCW-000270_01560_17	1de703272884f25f6a2f20ac370975d8	705	Gene3D	G3DSA:3.30.70.100		5	73	2.1E-17	T	12-04-2020
BCW-000270_01560_17	1de703272884f25f6a2f20ac370975d8	705	ProSitePatterns	PS01047	Heavy-metal-associated domain.	12	41	-	T	12-04-2020	IPR017969	Heavy-metal-associated, conserved site	GO:0030001|GO:0046872
BCW-000270_01560_17	1de703272884f25f6a2f20ac370975d8	705	TIGRFAM	TIGR01511	ATPase-IB1_Cu: copper-translocating P-type ATPase	127	701	5.3E-120	T	12-04-2020
BCW-000270_01560_17	1de703272884f25f6a2f20ac370975d8	705	TIGRFAM	TIGR01494	ATPase_P-type: HAD ATPase, P-type, family IC	168	681	2.7E-90	T	12-04-2020	IPR001757	P-type ATPase	GO:0016021
BCW-000270_01560_17	1de703272884f25f6a2f20ac370975d8	705	SUPERFAMILY	SSF55008		3	60	4.58E-12	T	12-04-2020	IPR036163	Heavy metal-associated domain superfamily	GO:0030001|GO:0046872
BCW-000270_01560_17	1de703272884f25f6a2f20ac370975d8	705	SFLD	SFLDG00002	C1.7: P-type atpase like	378	651	0.0	T	12-04-2020
BCW-000270_01560_17	1de703272884f25f6a2f20ac370975d8	705	Gene3D	G3DSA:3.40.1110.10		407	529	1.6E-83	T	12-04-2020	IPR023299	P-type ATPase, cytoplasmic domain N	GO:0000166
BCW-000270_01560_17	1de703272884f25f6a2f20ac370975d8	705	PRINTS	PR00941	Cadmium-transporting ATPase signature	280	294	2.7E-83	T	12-04-2020	IPR027256	P-type ATPase, subfamily IB	GO:0006812|GO:0016021|GO:0019829
BCW-000270_01560_17	1de703272884f25f6a2f20ac370975d8	705	PRINTS	PR00941	Cadmium-transporting ATPase signature	10	19	2.7E-83	T	12-04-2020	IPR027256	P-type ATPase, subfamily IB	GO:0006812|GO:0016021|GO:0019829
BCW-000270_01560_17	1de703272884f25f6a2f20ac370975d8	705	PRINTS	PR00941	Cadmium-transporting ATPase signature	21	42	2.7E-83	T	12-04-2020	IPR027256	P-type ATPase, subfamily IB	GO:0006812|GO:0016021|GO:0019829
BCW-000270_01560_17	1de703272884f25f6a2f20ac370975d8	705	PRINTS	PR00941	Cadmium-transporting ATPase signature	43	66	2.7E-83	T	12-04-2020	IPR027256	P-type ATPase, subfamily IB	GO:0006812|GO:0016021|GO:0019829
BCW-000270_01560_17	1de703272884f25f6a2f20ac370975d8	705	PRINTS	PR00941	Cadmium-transporting ATPase signature	261	277	2.7E-83	T	12-04-2020	IPR027256	P-type ATPase, subfamily IB	GO:0006812|GO:0016021|GO:0019829
BCW-000270_01560_17	1de703272884f25f6a2f20ac370975d8	705	PRINTS	PR00941	Cadmium-transporting ATPase signature	200	216	2.7E-83	T	12-04-2020	IPR027256	P-type ATPase, subfamily IB	GO:0006812|GO:0016021|GO:0019829
BCW-000270_01560_17	1de703272884f25f6a2f20ac370975d8	705	PRINTS	PR00941	Cadmium-transporting ATPase signature	180	200	2.7E-83	T	12-04-2020	IPR027256	P-type ATPase, subfamily IB	GO:0006812|GO:0016021|GO:0019829
BCW-000270_01560_17	1de703272884f25f6a2f20ac370975d8	705	PRINTS	PR00941	Cadmium-transporting ATPase signature	109	126	2.7E-83	T	12-04-2020	IPR027256	P-type ATPase, subfamily IB	GO:0006812|GO:0016021|GO:0019829
BCW-000270_01560_17	1de703272884f25f6a2f20ac370975d8	705	PRINTS	PR00941	Cadmium-transporting ATPase signature	126	138	2.7E-83	T	12-04-2020	IPR027256	P-type ATPase, subfamily IB	GO:0006812|GO:0016021|GO:0019829
BCW-000270_01560_17	1de703272884f25f6a2f20ac370975d8	705	CDD	cd07545	P-type_ATPase_Cd-like	107	703	0.0	T	12-04-2020
BCW-000270_01560_17	1de703272884f25f6a2f20ac370975d8	705	TIGRFAM	TIGR01525	ATPase-IB_hvy: heavy metal translocating P-type ATPase	145	701	2.4E-182	T	12-04-2020	IPR027256	P-type ATPase, subfamily IB	GO:0006812|GO:0016021|GO:0019829
BCW-000270_01560_17	1de703272884f25f6a2f20ac370975d8	705	PANTHER	PTHR43338:SF1		3	704	7.6E-232	T	12-04-2020
BCW-000270_01560_17	1de703272884f25f6a2f20ac370975d8	705	Pfam	PF00702	haloacid dehalogenase-like hydrolase	393	610	1.7E-40	T	12-04-2020
BCW-000270_01560_17	1de703272884f25f6a2f20ac370975d8	705	PANTHER	PTHR43338		3	704	7.6E-232	T	12-04-2020
BCW-000270_01560_17	1de703272884f25f6a2f20ac370975d8	705	TIGRFAM	TIGR01512	ATPase-IB2_Cd: cadmium-translocating P-type ATPase	146	448	1.2E-94	T	12-04-2020
BCW-000270_01560_17	1de703272884f25f6a2f20ac370975d8	705	SUPERFAMILY	SSF81653		198	295	1.96E-24	T	12-04-2020	IPR008250	P-type ATPase, A domain superfamily	
BCW-000270_01560_17	1de703272884f25f6a2f20ac370975d8	705	Pfam	PF00122	E1-E2 ATPase	197	376	3.6E-52	T	12-04-2020
BCW-000270_01560_17	1de703272884f25f6a2f20ac370975d8	705	SUPERFAMILY	SSF81665		148	692	9.55E-21	T	12-04-2020	IPR023298	P-type ATPase, transmembrane domain superfamily	
BCW-000270_01560_17	1de703272884f25f6a2f20ac370975d8	705	ProSiteProfiles	PS50846	Heavy-metal-associated domain profile.	7	60	15.125	T	12-04-2020	IPR006121	Heavy metal-associated domain, HMA	GO:0030001|GO:0046872
BCW-000270_01560_17	1de703272884f25f6a2f20ac370975d8	705	SUPERFAMILY	SSF56784		395	698	9.9E-52	T	12-04-2020	IPR036412	HAD-like superfamily	
BCW-000270_01560_17	1de703272884f25f6a2f20ac370975d8	705	CDD	cd00371	HMA	9	60	3.56161E-13	T	12-04-2020	IPR006121	Heavy metal-associated domain, HMA	GO:0030001|GO:0046872
BCW-000212_00842_7	fc1243fd60e206fab3710bbeef8f25ee	319	PANTHER	PTHR43776		3	284	8.8E-113	T	12-04-2020
BCW-000212_00842_7	fc1243fd60e206fab3710bbeef8f25ee	319	SUPERFAMILY	SSF52540		4	254	2.18E-71	T	12-04-2020	IPR027417	P-loop containing nucleoside triphosphate hydrolase	
BCW-000212_00842_7	fc1243fd60e206fab3710bbeef8f25ee	319	Pfam	PF00005	ABC transporter	32	182	1.0E-32	T	12-04-2020	IPR003439	ABC transporter-like	GO:0005524|GO:0016887
BCW-000212_00842_7	fc1243fd60e206fab3710bbeef8f25ee	319	Pfam	PF08352	Oligopeptide/dipeptide transporter, C-terminal region	234	272	1.9E-7	T	12-04-2020	IPR013563	Oligopeptide/dipeptide ABC transporter, C-terminal	GO:0000166|GO:0005524|GO:0015833
BCW-000212_00842_7	fc1243fd60e206fab3710bbeef8f25ee	319	Gene3D	G3DSA:3.40.50.300		1	310	4.0E-81	T	12-04-2020
BCW-000212_00842_7	fc1243fd60e206fab3710bbeef8f25ee	319	SMART	SM00382		40	232	1.9E-13	T	12-04-2020	IPR003593	AAA+ ATPase domain	
BCW-000212_00842_7	fc1243fd60e206fab3710bbeef8f25ee	319	ProSitePatterns	PS00211	ABC transporters family signature.	155	169	-	T	12-04-2020	IPR017871	ABC transporter, conserved site	GO:0005524|GO:0016887
BCW-000212_00842_7	fc1243fd60e206fab3710bbeef8f25ee	319	ProSiteProfiles	PS50893	ATP-binding cassette, ABC transporter-type domain profile.	5	255	25.49	T	12-04-2020	IPR003439	ABC transporter-like	GO:0005524|GO:0016887
BCW-000212_00842_7	fc1243fd60e206fab3710bbeef8f25ee	319	CDD	cd03257	ABC_NikE_OppD_transporters	4	237	1.85718E-114	T	12-04-2020
BCW-000212_00842_7	fc1243fd60e206fab3710bbeef8f25ee	319	PANTHER	PTHR43776:SF7		3	284	8.8E-113	T	12-04-2020
BCW-000270_00619_16	5d059f68ee61c05d3db3529fbf93ecc7	876	Gene3D	G3DSA:3.30.450.40		487	639	3.5E-23	T	12-04-2020	IPR029016	GAF-like domain superfamily	
BCW-000270_00619_16	5d059f68ee61c05d3db3529fbf93ecc7	876	PANTHER	PTHR45569		2	867	1.3E-234	T	12-04-2020
BCW-000270_00619_16	5d059f68ee61c05d3db3529fbf93ecc7	876	ProSiteProfiles	PS50109	Histidine kinase domain profile.	653	869	43.421	T	12-04-2020	IPR005467	Histidine kinase domain	
BCW-000270_00619_16	5d059f68ee61c05d3db3529fbf93ecc7	876	Gene3D	G3DSA:1.10.287.130		640	713	2.1E-13	T	12-04-2020
BCW-000270_00619_16	5d059f68ee61c05d3db3529fbf93ecc7	876	Coils	Coil		497	517	-	T	12-04-2020
BCW-000270_00619_16	5d059f68ee61c05d3db3529fbf93ecc7	876	Pfam	PF02702	Osmosensitive K+ channel His kinase sensor domain	2	211	3.1E-90	T	12-04-2020	IPR003852	Signal transduction histidine kinase, osmosensitive K+ channel sensor, N-terminal	GO:0000155|GO:0000160|GO:0004673|GO:0016020
BCW-000270_00619_16	5d059f68ee61c05d3db3529fbf93ecc7	876	Coils	Coil		268	288	-	T	12-04-2020
BCW-000270_00619_16	5d059f68ee61c05d3db3529fbf93ecc7	876	Pfam	PF02518	Histidine kinase-, DNA gyrase B-, and HSP90-like ATPase	762	868	1.3E-20	T	12-04-2020	IPR003594	Histidine kinase/HSP90-like ATPase	
BCW-000270_00619_16	5d059f68ee61c05d3db3529fbf93ecc7	876	CDD	cd01987	USP_OKCHK	230	349	9.9561E-35	T	12-04-2020
BCW-000270_00619_16	5d059f68ee61c05d3db3529fbf93ecc7	876	Gene3D	G3DSA:1.20.120.620		370	477	2.8E-28	T	12-04-2020	IPR038318	KdpD, transmembrane domain superfamily	
BCW-000270_00619_16	5d059f68ee61c05d3db3529fbf93ecc7	876	Gene3D	G3DSA:3.30.565.10		714	874	1.2E-36	T	12-04-2020	IPR036890	Histidine kinase/HSP90-like ATPase superfamily	
BCW-000270_00619_16	5d059f68ee61c05d3db3529fbf93ecc7	876	SMART	SM00388		646	714	2.0E-12	T	12-04-2020	IPR003661	Signal transduction histidine kinase, dimerisation/phosphoacceptor domain	GO:0000155|GO:0007165
BCW-000270_00619_16	5d059f68ee61c05d3db3529fbf93ecc7	876	CDD	cd00082	HisKA	644	710	1.17873E-10	T	12-04-2020	IPR003661	Signal transduction histidine kinase, dimerisation/phosphoacceptor domain	GO:0000155|GO:0007165
BCW-000270_00619_16	5d059f68ee61c05d3db3529fbf93ecc7	876	SUPERFAMILY	SSF47384		631	712	1.61E-13	T	12-04-2020	IPR036097	Signal transduction histidine kinase, dimerisation/phosphoacceptor domain superfamily	GO:0000155|GO:0007165
BCW-000270_00619_16	5d059f68ee61c05d3db3529fbf93ecc7	876	Gene3D	G3DSA:3.40.50.620		210	330	1.3E-7	T	12-04-2020	IPR014729	Rossmann-like alpha/beta/alpha sandwich fold	
BCW-000270_00619_16	5d059f68ee61c05d3db3529fbf93ecc7	876	CDD	cd00075	HATPase_c	764	865	1.27046E-24	T	12-04-2020	IPR003594	Histidine kinase/HSP90-like ATPase	
BCW-000270_00619_16	5d059f68ee61c05d3db3529fbf93ecc7	876	Gene3D	G3DSA:3.40.50.300		1	209	5.6E-91	T	12-04-2020
BCW-000270_00619_16	5d059f68ee61c05d3db3529fbf93ecc7	876	SUPERFAMILY	SSF52402		229	321	6.53E-8	T	12-04-2020
BCW-000270_00619_16	5d059f68ee61c05d3db3529fbf93ecc7	876	Pfam	PF00512	His Kinase A (phospho-acceptor) domain	649	713	1.1E-9	T	12-04-2020	IPR003661	Signal transduction histidine kinase, dimerisation/phosphoacceptor domain	GO:0000155|GO:0007165
BCW-000270_00619_16	5d059f68ee61c05d3db3529fbf93ecc7	876	PRINTS	PR00344	Bacterial sensor protein C-terminal signature	812	822	1.1E-11	T	12-04-2020	IPR004358	Signal transduction histidine kinase-related protein, C-terminal	GO:0016310|GO:0016772
BCW-000270_00619_16	5d059f68ee61c05d3db3529fbf93ecc7	876	PRINTS	PR00344	Bacterial sensor protein C-terminal signature	829	847	1.1E-11	T	12-04-2020	IPR004358	Signal transduction histidine kinase-related protein, C-terminal	GO:0016310|GO:0016772
BCW-000270_00619_16	5d059f68ee61c05d3db3529fbf93ecc7	876	PRINTS	PR00344	Bacterial sensor protein C-terminal signature	794	808	1.1E-11	T	12-04-2020	IPR004358	Signal transduction histidine kinase-related protein, C-terminal	GO:0016310|GO:0016772
BCW-000270_00619_16	5d059f68ee61c05d3db3529fbf93ecc7	876	PRINTS	PR00344	Bacterial sensor protein C-terminal signature	853	866	1.1E-11	T	12-04-2020	IPR004358	Signal transduction histidine kinase-related protein, C-terminal	GO:0016310|GO:0016772
BCW-000270_00619_16	5d059f68ee61c05d3db3529fbf93ecc7	876	SMART	SM00387		757	869	1.1E-30	T	12-04-2020	IPR003594	Histidine kinase/HSP90-like ATPase	
BCW-000270_00619_16	5d059f68ee61c05d3db3529fbf93ecc7	876	Pfam	PF13493	Domain of unknown function (DUF4118)	376	482	2.6E-29	T	12-04-2020	IPR025201	Sensor protein KdpD, transmembrane domain	
BCW-000270_00619_16	5d059f68ee61c05d3db3529fbf93ecc7	876	SUPERFAMILY	SSF55874		704	867	9.82E-34	T	12-04-2020	IPR036890	Histidine kinase/HSP90-like ATPase superfamily	
BCW-000270_00144_7	fec6ba2ca1b4f94f39bb620121573281	331	SUPERFAMILY	SSF103481		61	166	2.09E-11	T	12-04-2020
BCW-000270_00144_7	fec6ba2ca1b4f94f39bb620121573281	331	SUPERFAMILY	SSF103481		215	317	2.22E-8	T	12-04-2020
BCW-000270_00144_7	fec6ba2ca1b4f94f39bb620121573281	331	PANTHER	PTHR32322		15	314	6.5E-47	T	12-04-2020
BCW-000270_00144_7	fec6ba2ca1b4f94f39bb620121573281	331	Pfam	PF00892	EamA-like transporter family	180	313	2.4E-16	T	12-04-2020	IPR000620	EamA domain	GO:0016020|GO:0016021
BCW-000270_00144_7	fec6ba2ca1b4f94f39bb620121573281	331	Pfam	PF00892	EamA-like transporter family	16	161	1.2E-14	T	12-04-2020	IPR000620	EamA domain	GO:0016020|GO:0016021
BCW-000270_00144_7	fec6ba2ca1b4f94f39bb620121573281	331	PANTHER	PTHR32322:SF13		15	314	6.5E-47	T	12-04-2020
BCW-000212_00661_4	257f79e7b4781f3d7270d58ba4a25956	164	Gene3D	G3DSA:1.10.10.10		98	157	2.3E-12	T	12-04-2020	IPR036388	Winged helix-like DNA-binding domain superfamily	
BCW-000212_00661_4	257f79e7b4781f3d7270d58ba4a25956	164	SUPERFAMILY	SSF88659		101	156	1.87E-12	T	12-04-2020	IPR013324	RNA polymerase sigma factor, region 3/4-like	
BCW-000212_00661_4	257f79e7b4781f3d7270d58ba4a25956	164	PANTHER	PTHR43133		10	161	6.9E-18	T	12-04-2020	IPR039425	RNA polymerase sigma-70 like	
BCW-000212_00661_4	257f79e7b4781f3d7270d58ba4a25956	164	Pfam	PF08281	Sigma-70, region 4	102	150	6.7E-12	T	12-04-2020	IPR013249	RNA polymerase sigma factor 70, region 4 type 2	GO:0003677|GO:0003700|GO:0006352|GO:0006355|GO:0016987
BCW-000212_00661_4	257f79e7b4781f3d7270d58ba4a25956	164	SUPERFAMILY	SSF88946		11	88	2.86E-7	T	12-04-2020	IPR013325	RNA polymerase sigma factor, region 2	GO:0003700|GO:0006352|GO:0006355
BCW-000212_00661_4	257f79e7b4781f3d7270d58ba4a25956	164	Gene3D	G3DSA:1.10.1740.10		3	78	3.7E-7	T	12-04-2020
BCW-000212_00661_4	257f79e7b4781f3d7270d58ba4a25956	164	TIGRFAM	TIGR02937	sigma70-ECF: RNA polymerase sigma factor, sigma-70 family	20	154	2.7E-15	T	12-04-2020	IPR014284	RNA polymerase sigma-70 like domain	GO:0003700|GO:0006352|GO:0006355
BCW-000212_00661_4	257f79e7b4781f3d7270d58ba4a25956	164	Pfam	PF04542	Sigma-70 region 2	13	75	6.5E-5	T	12-04-2020	IPR007627	RNA polymerase sigma-70 region 2	GO:0003700|GO:0006352|GO:0006355
BCW-000631_01187_2	5d684c41a9858ebfefd789c7735af9a2	75	Pfam	PF13780	Domain of unknown function (DUF4176)	7	74	2.4E-18	T	12-04-2020	IPR025233	Protein of unknown function DUF4176	
BCW-000270_01308_7	daace61e4632e7b1a1a593e849772204	319	Gene3D	G3DSA:3.40.50.300		1	310	3.3E-81	T	12-04-2020
BCW-000270_01308_7	daace61e4632e7b1a1a593e849772204	319	SUPERFAMILY	SSF52540		4	254	2.18E-71	T	12-04-2020	IPR027417	P-loop containing nucleoside triphosphate hydrolase	
BCW-000270_01308_7	daace61e4632e7b1a1a593e849772204	319	ProSiteProfiles	PS50893	ATP-binding cassette, ABC transporter-type domain profile.	5	255	25.504	T	12-04-2020	IPR003439	ABC transporter-like	GO:0005524|GO:0016887
BCW-000270_01308_7	daace61e4632e7b1a1a593e849772204	319	SMART	SM00382		40	232	1.8E-13	T	12-04-2020	IPR003593	AAA+ ATPase domain	
BCW-000270_01308_7	daace61e4632e7b1a1a593e849772204	319	PANTHER	PTHR43776		3	284	9.2E-113	T	12-04-2020
BCW-000270_01308_7	daace61e4632e7b1a1a593e849772204	319	PANTHER	PTHR43776:SF7		3	284	9.2E-113	T	12-04-2020
BCW-000270_01308_7	daace61e4632e7b1a1a593e849772204	319	Pfam	PF08352	Oligopeptide/dipeptide transporter, C-terminal region	234	272	1.9E-7	T	12-04-2020	IPR013563	Oligopeptide/dipeptide ABC transporter, C-terminal	GO:0000166|GO:0005524|GO:0015833
BCW-000270_01308_7	daace61e4632e7b1a1a593e849772204	319	ProSitePatterns	PS00211	ABC transporters family signature.	155	169	-	T	12-04-2020	IPR017871	ABC transporter, conserved site	GO:0005524|GO:0016887
BCW-000270_01308_7	daace61e4632e7b1a1a593e849772204	319	CDD	cd03257	ABC_NikE_OppD_transporters	4	237	8.27126E-115	T	12-04-2020
BCW-000270_01308_7	daace61e4632e7b1a1a593e849772204	319	Pfam	PF00005	ABC transporter	32	182	1.0E-32	T	12-04-2020	IPR003439	ABC transporter-like	GO:0005524|GO:0016887
BCW-200051_00195_6	6d4f38a72ed82b54ebba76193f707e62	331	SUPERFAMILY	SSF47413		1	58	3.06E-10	T	12-04-2020	IPR010982	Lambda repressor-like, DNA-binding domain superfamily	GO:0003677
BCW-200051_00195_6	6d4f38a72ed82b54ebba76193f707e62	331	ProSiteProfiles	PS50932	LacI-type HTH domain profile.	2	55	18.904	T	12-04-2020	IPR000843	LacI-type HTH domain	GO:0003677|GO:0006355
BCW-200051_00195_6	6d4f38a72ed82b54ebba76193f707e62	331	Gene3D	G3DSA:1.10.260.40		1	57	2.2E-14	T	12-04-2020
BCW-200051_00195_6	6d4f38a72ed82b54ebba76193f707e62	331	SMART	SM00354		1	70	2.1E-15	T	12-04-2020	IPR000843	LacI-type HTH domain	GO:0003677|GO:0006355
BCW-200051_00195_6	6d4f38a72ed82b54ebba76193f707e62	331	SUPERFAMILY	SSF53822		60	328	8.35E-64	T	12-04-2020	IPR028082	Periplasmic binding protein-like I	
BCW-200051_00195_6	6d4f38a72ed82b54ebba76193f707e62	331	CDD	cd01392	HTH_LacI	5	55	2.95057E-10	T	12-04-2020	IPR000843	LacI-type HTH domain	GO:0003677|GO:0006355
BCW-200051_00195_6	6d4f38a72ed82b54ebba76193f707e62	331	Pfam	PF13377	Periplasmic binding protein-like domain	167	327	1.1E-28	T	12-04-2020
BCW-200051_00195_6	6d4f38a72ed82b54ebba76193f707e62	331	ProSitePatterns	PS00356	LacI-type HTH domain signature.	4	22	-	T	12-04-2020
BCW-200051_00195_6	6d4f38a72ed82b54ebba76193f707e62	331	Coils	Coil		93	113	-	T	12-04-2020
BCW-200051_00195_6	6d4f38a72ed82b54ebba76193f707e62	331	Pfam	PF00356	Bacterial regulatory proteins, lacI family	3	26	4.4E-8	T	12-04-2020	IPR000843	LacI-type HTH domain	GO:0003677|GO:0006355
BCW-200051_00195_6	6d4f38a72ed82b54ebba76193f707e62	331	PANTHER	PTHR30146		1	328	3.1E-84	T	12-04-2020
BCW-200051_00195_6	6d4f38a72ed82b54ebba76193f707e62	331	Gene3D	G3DSA:3.40.50.2300		151	330	8.4E-48	T	12-04-2020
BCW-200051_00195_6	6d4f38a72ed82b54ebba76193f707e62	331	Gene3D	G3DSA:3.40.50.2300		58	148	4.0E-17	T	12-04-2020
BCW-200051_00195_6	6d4f38a72ed82b54ebba76193f707e62	331	CDD	cd06267	PBP1_LacI_sugar_binding_like	61	321	1.97317E-80	T	12-04-2020
BCW-200077_01062_6	9f1375ce613dbefd0304b54fa20cdafd	345	Pfam	PF06030	Bacterial protein of unknown function (DUF916)	32	150	1.6E-29	T	12-04-2020	IPR010317	Protein of unknown function DUF916, cell surface putative	
BCW-200077_01062_6	9f1375ce613dbefd0304b54fa20cdafd	345	Pfam	PF11797	Protein of unknown function C-terminal (DUF3324)	157	290	2.4E-25	T	12-04-2020	IPR021759	Domain of unknown function DUF3324, C-terminal	
BCW-200158_00219_2	da8fa969f2f65a865840737b036dcf55	31	MobiDBLite	mobidb-lite	consensus disorder prediction	1	31	-	T	12-04-2020
BCW-200158_00219_2	da8fa969f2f65a865840737b036dcf55	31	MobiDBLite	mobidb-lite	consensus disorder prediction	8	24	-	T	12-04-2020
BCW-200158_00201_4	c63f6d6f07200a1b4153784094f82e77	149	ProSiteProfiles	PS51257	Prokaryotic membrane lipoprotein lipid attachment site profile.	1	20	6.0	T	12-04-2020
BCW-200158_00201_4	c63f6d6f07200a1b4153784094f82e77	149	MobiDBLite	mobidb-lite	consensus disorder prediction	23	78	-	T	12-04-2020
BCW-200158_00201_4	c63f6d6f07200a1b4153784094f82e77	149	MobiDBLite	mobidb-lite	consensus disorder prediction	23	65	-	T	12-04-2020
BCW-200158_00222_10	0773f7bd1a1950857971db393805902f	452	Pfam	PF07690	Major Facilitator Superfamily	12	400	7.7E-41	T	12-04-2020	IPR011701	Major facilitator superfamily	GO:0016021|GO:0055085
BCW-200158_00222_10	0773f7bd1a1950857971db393805902f	452	ProSiteProfiles	PS50850	Major facilitator superfamily (MFS) profile.	7	451	36.176	T	12-04-2020	IPR020846	Major facilitator superfamily domain	
BCW-200158_00222_10	0773f7bd1a1950857971db393805902f	452	CDD	cd06174	MFS	8	182	3.90276E-16	T	12-04-2020	IPR020846	Major facilitator superfamily domain	
BCW-200158_00222_10	0773f7bd1a1950857971db393805902f	452	Gene3D	G3DSA:1.20.1720.10		8	237	3.0E-40	T	12-04-2020
BCW-200158_00222_10	0773f7bd1a1950857971db393805902f	452	PANTHER	PTHR42718:SF17		8	418	4.3E-103	T	12-04-2020
BCW-200158_00222_10	0773f7bd1a1950857971db393805902f	452	PANTHER	PTHR42718		8	418	4.3E-103	T	12-04-2020
BCW-200158_00222_10	0773f7bd1a1950857971db393805902f	452	SUPERFAMILY	SSF103473		4	450	1.57E-55	T	12-04-2020	IPR036259	MFS transporter superfamily	
BCW-200158_00222_10	0773f7bd1a1950857971db393805902f	452	Gene3D	G3DSA:1.20.1250.20		247	451	5.0E-13	T	12-04-2020
BCW-200158_00222_10	0773f7bd1a1950857971db393805902f	452	PRINTS	PR01036	Tetracycline resistance protein TetB signature	70	92	1.4E-6	T	12-04-2020
BCW-200158_00222_10	0773f7bd1a1950857971db393805902f	452	PRINTS	PR01036	Tetracycline resistance protein TetB signature	131	155	1.4E-6	T	12-04-2020
BCW-200158_00222_10	0773f7bd1a1950857971db393805902f	452	PRINTS	PR01036	Tetracycline resistance protein TetB signature	10	34	1.4E-6	T	12-04-2020
BCW-200158_00222_10	0773f7bd1a1950857971db393805902f	452	PRINTS	PR01036	Tetracycline resistance protein TetB signature	293	317	1.4E-6	T	12-04-2020
BCW-000631_01394_3	31133037b97d5332ff0b6d78877f6a54	122	Pfam	PF00392	Bacterial regulatory proteins, gntR family	12	74	9.0E-13	T	12-04-2020	IPR000524	Transcription regulator HTH, GntR	GO:0003700|GO:0006355
BCW-000631_01394_3	31133037b97d5332ff0b6d78877f6a54	122	SUPERFAMILY	SSF46785		4	78	4.15E-19	T	12-04-2020	IPR036390	Winged helix DNA-binding domain superfamily	
BCW-000631_01394_3	31133037b97d5332ff0b6d78877f6a54	122	Gene3D	G3DSA:1.10.10.10		9	122	3.5E-22	T	12-04-2020	IPR036388	Winged helix-like DNA-binding domain superfamily	
BCW-000631_01394_3	31133037b97d5332ff0b6d78877f6a54	122	PANTHER	PTHR38445		2	120	1.7E-28	T	12-04-2020
BCW-000631_01394_3	31133037b97d5332ff0b6d78877f6a54	122	SMART	SM00345		15	74	9.6E-13	T	12-04-2020	IPR000524	Transcription regulator HTH, GntR	GO:0003700|GO:0006355
BCW-000631_01394_3	31133037b97d5332ff0b6d78877f6a54	122	ProSiteProfiles	PS50949	GntR-type HTH domain profile.	9	77	19.06	T	12-04-2020	IPR000524	Transcription regulator HTH, GntR	GO:0003700|GO:0006355
BCW-000631_01394_3	31133037b97d5332ff0b6d78877f6a54	122	CDD	cd07377	WHTH_GntR	11	75	8.46804E-23	T	12-04-2020	IPR000524	Transcription regulator HTH, GntR	GO:0003700|GO:0006355
BCW-000270_00144_13	a9d6c35fbcdd232ec03f8ae1b5c47691	30	MobiDBLite	mobidb-lite	consensus disorder prediction	1	30	-	T	12-04-2020
BCW-200158_02165_4	482a9f9afc6f6c7cecaabc369d0f5cd3	289	MobiDBLite	mobidb-lite	consensus disorder prediction	233	253	-	T	12-04-2020
BCW-200158_02165_4	482a9f9afc6f6c7cecaabc369d0f5cd3	289	Pfam	PF06458	MucBP domain	7	68	2.3E-18	T	12-04-2020	IPR009459	MucBP domain	
BCW-200158_02165_4	482a9f9afc6f6c7cecaabc369d0f5cd3	289	Pfam	PF06458	MucBP domain	77	138	1.1E-19	T	12-04-2020	IPR009459	MucBP domain	
BCW-200158_02165_4	482a9f9afc6f6c7cecaabc369d0f5cd3	289	Pfam	PF06458	MucBP domain	147	208	3.4E-18	T	12-04-2020	IPR009459	MucBP domain	
BCW-200158_02165_4	482a9f9afc6f6c7cecaabc369d0f5cd3	289	MobiDBLite	mobidb-lite	consensus disorder prediction	237	253	-	T	12-04-2020
BCW-200158_02165_4	482a9f9afc6f6c7cecaabc369d0f5cd3	289	Gene3D	G3DSA:3.10.20.320		73	143	2.1E-27	T	12-04-2020
BCW-200158_02165_4	482a9f9afc6f6c7cecaabc369d0f5cd3	289	Gene3D	G3DSA:3.10.20.320		144	220	8.0E-26	T	12-04-2020
BCW-200158_02165_4	482a9f9afc6f6c7cecaabc369d0f5cd3	289	Gene3D	G3DSA:3.10.20.320		1	72	9.0E-26	T	12-04-2020
BCW-000631_00799_1	81f129142b9e2f55ab74067066c393c9	176	SUPERFAMILY	SSF100950		2	81	8.16E-11	T	12-04-2020	IPR037171	NagB/RpiA transferase-like	
BCW-000631_00799_1	81f129142b9e2f55ab74067066c393c9	176	SUPERFAMILY	SSF75445		67	142	5.23E-12	T	12-04-2020
BCW-000631_00799_1	81f129142b9e2f55ab74067066c393c9	176	Coils	Coil		159	176	-	T	12-04-2020
BCW-000631_00799_1	81f129142b9e2f55ab74067066c393c9	176	PANTHER	PTHR11934		2	155	1.1E-24	T	12-04-2020	IPR004788	Ribose 5-phosphate isomerase, type A	GO:0004751|GO:0009052
BCW-000631_00799_1	81f129142b9e2f55ab74067066c393c9	176	Gene3D	G3DSA:3.30.70.260		67	138	4.6E-9	T	12-04-2020
BCW-000631_00799_1	81f129142b9e2f55ab74067066c393c9	176	Pfam	PF06026	Ribose 5-phosphate isomerase A (phosphoriboisomerase A)	2	150	3.6E-31	T	12-04-2020	IPR004788	Ribose 5-phosphate isomerase, type A	GO:0004751|GO:0009052
BCW-000631_00799_1	81f129142b9e2f55ab74067066c393c9	176	Gene3D	G3DSA:3.40.50.1360		1	66	9.8E-14	T	12-04-2020
BCW-200150_00989_45	ba789c218850415d9a1dbe736ee5501c	2146	SUPERFAMILY	SSF52777		707	872	1.05E-32	T	12-04-2020
BCW-200150_00989_45	ba789c218850415d9a1dbe736ee5501c	2146	SUPERFAMILY	SSF53901		38	408	8.57E-72	T	12-04-2020	IPR016039	Thiolase-like	GO:0003824
BCW-200150_00989_45	ba789c218850415d9a1dbe736ee5501c	2146	SMART	SM00823	Phosphopantetheine attachment site	1649	1717	0.51	T	12-04-2020	IPR020806	Polyketide synthase, phosphopantetheine-binding domain	GO:0031177
BCW-200150_00989_45	ba789c218850415d9a1dbe736ee5501c	2146	SMART	SM00823	Phosphopantetheine attachment site	619	688	7.9E-4	T	12-04-2020	IPR020806	Polyketide synthase, phosphopantetheine-binding domain	GO:0031177
BCW-200150_00989_45	ba789c218850415d9a1dbe736ee5501c	2146	Gene3D	G3DSA:3.40.50.12780		1135	1539	1.3E-100	T	12-04-2020
BCW-200150_00989_45	ba789c218850415d9a1dbe736ee5501c	2146	Gene3D	G3DSA:1.10.1200.10		614	691	1.5E-19	T	12-04-2020	IPR036736	ACP-like superfamily	
BCW-200150_00989_45	ba789c218850415d9a1dbe736ee5501c	2146	ProSitePatterns	PS00012	Phosphopantetheine attachment site.	1673	1688	-	T	12-04-2020	IPR006162	Phosphopantetheine attachment site	
BCW-200150_00989_45	ba789c218850415d9a1dbe736ee5501c	2146	CDD	cd00833	PKS	41	456	2.18082E-172	T	12-04-2020
BCW-200150_00989_45	ba789c218850415d9a1dbe736ee5501c	2146	Pfam	PF00501	AMP-binding enzyme	1151	1543	7.3E-79	T	12-04-2020	IPR000873	AMP-dependent synthetase/ligase	GO:0003824
BCW-200150_00989_45	ba789c218850415d9a1dbe736ee5501c	2146	Pfam	PF00109	Beta-ketoacyl synthase, N-terminal domain	42	285	6.1E-60	T	12-04-2020	IPR014030	Beta-ketoacyl synthase, N-terminal	
BCW-200150_00989_45	ba789c218850415d9a1dbe736ee5501c	2146	Pfam	PF16197	Ketoacyl-synthetase C-terminal extension	413	520	6.4E-18	T	12-04-2020	IPR032821	Ketoacyl-synthetase, C-terminal extension	
BCW-200150_00989_45	ba789c218850415d9a1dbe736ee5501c	2146	Gene3D	G3DSA:3.30.559.30		1894	2142	6.6E-33	T	12-04-2020
BCW-200150_00989_45	ba789c218850415d9a1dbe736ee5501c	2146	PANTHER	PTHR45527		920	2076	7.7E-195	T	12-04-2020
BCW-200150_00989_45	ba789c218850415d9a1dbe736ee5501c	2146	PANTHER	PTHR45527		609	892	7.7E-195	T	12-04-2020
BCW-200150_00989_45	ba789c218850415d9a1dbe736ee5501c	2146	SUPERFAMILY	SSF52777		1906	2138	4.34E-24	T	12-04-2020
BCW-200150_00989_45	ba789c218850415d9a1dbe736ee5501c	2146	ProSitePatterns	PS00606	Beta-ketoacyl synthases active site.	200	216	-	T	12-04-2020	IPR018201	Beta-ketoacyl synthase, active site	
BCW-200150_00989_45	ba789c218850415d9a1dbe736ee5501c	2146	Gene3D	G3DSA:1.10.1200.10		1647	1721	7.5E-13	T	12-04-2020	IPR036736	ACP-like superfamily	
BCW-200150_00989_45	ba789c218850415d9a1dbe736ee5501c	2146	SMART	SM00825	Beta-ketoacyl synthase	43	461	2.8E-140	T	12-04-2020	IPR020841	Polyketide synthase, beta-ketoacyl synthase domain	
BCW-200150_00989_45	ba789c218850415d9a1dbe736ee5501c	2146	Gene3D	G3DSA:3.30.559.10		706	1061	1.1E-95	T	12-04-2020	IPR023213	Chloramphenicol acetyltransferase-like domain superfamily	
BCW-200150_00989_45	ba789c218850415d9a1dbe736ee5501c	2146	Gene3D	G3DSA:3.30.559.10		1722	1885	1.5E-20	T	12-04-2020	IPR023213	Chloramphenicol acetyltransferase-like domain superfamily	
BCW-200150_00989_45	ba789c218850415d9a1dbe736ee5501c	2146	SUPERFAMILY	SSF52777		880	1118	1.0E-42	T	12-04-2020
BCW-200150_00989_45	ba789c218850415d9a1dbe736ee5501c	2146	CDD	cd05930	A_NRPS	1159	1629	5.11141E-133	T	12-04-2020
BCW-200150_00989_45	ba789c218850415d9a1dbe736ee5501c	2146	Pfam	PF02801	Beta-ketoacyl synthase, C-terminal domain	293	411	6.0E-40	T	12-04-2020	IPR014031	Beta-ketoacyl synthase, C-terminal	
BCW-200150_00989_45	ba789c218850415d9a1dbe736ee5501c	2146	Gene3D	G3DSA:3.30.70.3050		516	580	4.0E-193	T	12-04-2020
BCW-200150_00989_45	ba789c218850415d9a1dbe736ee5501c	2146	ProSiteProfiles	PS50075	Carrier protein (CP) domain profile.	1643	1717	13.671	T	12-04-2020	IPR009081	Phosphopantetheine binding ACP domain	
BCW-200150_00989_45	ba789c218850415d9a1dbe736ee5501c	2146	Gene3D	G3DSA:3.30.559.30		876	1116	1.1E-95	T	12-04-2020
BCW-200150_00989_45	ba789c218850415d9a1dbe736ee5501c	2146	Pfam	PF00668	Condensation domain	1729	2140	1.0E-48	T	12-04-2020	IPR001242	Condensation domain	
BCW-200150_00989_45	ba789c218850415d9a1dbe736ee5501c	2146	Pfam	PF00668	Condensation domain	701	1129	6.9E-84	T	12-04-2020	IPR001242	Condensation domain	
BCW-200150_00989_45	ba789c218850415d9a1dbe736ee5501c	2146	Pfam	PF00550	Phosphopantetheine attachment site	1655	1713	1.2E-9	T	12-04-2020	IPR009081	Phosphopantetheine binding ACP domain	
BCW-200150_00989_45	ba789c218850415d9a1dbe736ee5501c	2146	Pfam	PF00550	Phosphopantetheine attachment site	621	684	5.1E-12	T	12-04-2020	IPR009081	Phosphopantetheine binding ACP domain	
BCW-200150_00989_45	ba789c218850415d9a1dbe736ee5501c	2146	ProSiteProfiles	PS50075	Carrier protein (CP) domain profile.	613	688	15.097	T	12-04-2020	IPR009081	Phosphopantetheine binding ACP domain	
BCW-200150_00989_45	ba789c218850415d9a1dbe736ee5501c	2146	SUPERFAMILY	SSF56801		1114	1661	2.35E-110	T	12-04-2020
BCW-200150_00989_45	ba789c218850415d9a1dbe736ee5501c	2146	SUPERFAMILY	SSF47336		1648	1714	3.27E-11	T	12-04-2020	IPR036736	ACP-like superfamily	
BCW-200150_00989_45	ba789c218850415d9a1dbe736ee5501c	2146	SUPERFAMILY	SSF47336		615	685	1.23E-16	T	12-04-2020	IPR036736	ACP-like superfamily	
BCW-200150_00989_45	ba789c218850415d9a1dbe736ee5501c	2146	Gene3D	G3DSA:3.30.300.30		1540	1636	8.0E-15	T	12-04-2020
BCW-200150_00989_45	ba789c218850415d9a1dbe736ee5501c	2146	TIGRFAM	TIGR01733	AA-adenyl-dom: amino acid adenylation domain	1171	1568	9.3E-106	T	12-04-2020	IPR010071	Amino acid adenylation domain	
BCW-200150_00989_45	ba789c218850415d9a1dbe736ee5501c	2146	Gene3D	G3DSA:3.40.47.10		42	591	4.0E-193	T	12-04-2020	IPR016039	Thiolase-like	GO:0003824
BCW-200150_00989_45	ba789c218850415d9a1dbe736ee5501c	2146	ProSitePatterns	PS00455	Putative AMP-binding domain signature.	1287	1298	-	T	12-04-2020	IPR020845	AMP-binding, conserved site	
BCW-200150_00989_45	ba789c218850415d9a1dbe736ee5501c	2146	SUPERFAMILY	SSF52777		1732	1903	5.11E-19	T	12-04-2020
BCW-200158_00079_8	e5e9025776dd74b7c76d01eb4e61b935	291	PIRSF	PIRSF001359		1	286	7.6E-89	T	12-04-2020	IPR000771	Fructose-bisphosphate aldolase, class-II	GO:0005975|GO:0008270|GO:0016832
BCW-200158_00079_8	e5e9025776dd74b7c76d01eb4e61b935	291	PANTHER	PTHR30304		1	285	3.3E-74	T	12-04-2020
BCW-200158_00079_8	e5e9025776dd74b7c76d01eb4e61b935	291	TIGRFAM	TIGR00167	cbbA: ketose-bisphosphate aldolase	1	286	2.8E-77	T	12-04-2020	IPR000771	Fructose-bisphosphate aldolase, class-II	GO:0005975|GO:0008270|GO:0016832
BCW-200158_00079_8	e5e9025776dd74b7c76d01eb4e61b935	291	Pfam	PF01116	Fructose-bisphosphate aldolase class-II	5	285	2.3E-84	T	12-04-2020	IPR000771	Fructose-bisphosphate aldolase, class-II	GO:0005975|GO:0008270|GO:0016832
BCW-200158_00079_8	e5e9025776dd74b7c76d01eb4e61b935	291	CDD	cd00947	TBP_aldolase_IIB	6	283	3.94753E-107	T	12-04-2020	IPR000771	Fructose-bisphosphate aldolase, class-II	GO:0005975|GO:0008270|GO:0016832
BCW-200158_00079_8	e5e9025776dd74b7c76d01eb4e61b935	291	PANTHER	PTHR30304:SF5		1	285	3.3E-74	T	12-04-2020
BCW-200158_00079_8	e5e9025776dd74b7c76d01eb4e61b935	291	ProSitePatterns	PS00602	Fructose-bisphosphate aldolase class-II signature 1.	72	83	-	T	12-04-2020	IPR000771	Fructose-bisphosphate aldolase, class-II	GO:0005975|GO:0008270|GO:0016832
BCW-200158_00079_8	e5e9025776dd74b7c76d01eb4e61b935	291	Gene3D	G3DSA:3.20.20.70		2	286	1.2E-91	T	12-04-2020	IPR013785	Aldolase-type TIM barrel	GO:0003824
BCW-200158_00079_8	e5e9025776dd74b7c76d01eb4e61b935	291	SUPERFAMILY	SSF51569		1	286	1.9E-82	T	12-04-2020
BCW-200158_00219_4	03f5da34f1f3b1754802d409db244952	224	ProSiteProfiles	PS50110	Response regulatory domain profile.	4	116	33.402	T	12-04-2020	IPR001789	Signal transduction response regulator, receiver domain	GO:0000160
BCW-200158_00219_4	03f5da34f1f3b1754802d409db244952	224	SUPERFAMILY	SSF52172		4	178	2.57E-31	T	12-04-2020	IPR011006	CheY-like superfamily	
BCW-200158_00219_4	03f5da34f1f3b1754802d409db244952	224	SMART	SM00862		146	222	1.6E-20	T	12-04-2020	IPR001867	OmpR/PhoB-type DNA-binding domain	GO:0000160|GO:0003677|GO:0006355
BCW-200158_00219_4	03f5da34f1f3b1754802d409db244952	224	PANTHER	PTHR26402:SF709		3	222	1.7E-58	T	12-04-2020
BCW-200158_00219_4	03f5da34f1f3b1754802d409db244952	224	Gene3D	G3DSA:3.40.50.2300		1	129	3.8E-31	T	12-04-2020
BCW-200158_00219_4	03f5da34f1f3b1754802d409db244952	224	SMART	SM00448		3	112	1.2E-30	T	12-04-2020	IPR001789	Signal transduction response regulator, receiver domain	GO:0000160
BCW-200158_00219_4	03f5da34f1f3b1754802d409db244952	224	Pfam	PF00072	Response regulator receiver domain	6	112	1.3E-23	T	12-04-2020	IPR001789	Signal transduction response regulator, receiver domain	GO:0000160
BCW-200158_00219_4	03f5da34f1f3b1754802d409db244952	224	PANTHER	PTHR26402		3	222	1.7E-58	T	12-04-2020	IPR039420	Transcriptional regulatory protein WalR-like	
BCW-200158_00219_4	03f5da34f1f3b1754802d409db244952	224	CDD	cd00156	REC	6	116	4.63056E-32	T	12-04-2020	IPR001789	Signal transduction response regulator, receiver domain	GO:0000160
BCW-200158_00219_4	03f5da34f1f3b1754802d409db244952	224	CDD	cd00383	trans_reg_C	133	222	1.43613E-26	T	12-04-2020	IPR001867	OmpR/PhoB-type DNA-binding domain	GO:0000160|GO:0003677|GO:0006355
BCW-200158_00219_4	03f5da34f1f3b1754802d409db244952	224	ProSiteProfiles	PS51755	OmpR/PhoB-type DNA-binding domain profile.	125	224	30.899	T	12-04-2020	IPR001867	OmpR/PhoB-type DNA-binding domain	GO:0000160|GO:0003677|GO:0006355
BCW-200158_00219_4	03f5da34f1f3b1754802d409db244952	224	Pfam	PF00486	Transcriptional regulatory protein, C terminal	147	221	5.5E-20	T	12-04-2020	IPR001867	OmpR/PhoB-type DNA-binding domain	GO:0000160|GO:0003677|GO:0006355
BCW-200158_00219_4	03f5da34f1f3b1754802d409db244952	224	Gene3D	G3DSA:1.10.10.10		130	224	6.7E-24	T	12-04-2020	IPR036388	Winged helix-like DNA-binding domain superfamily	
BCW-200077_01059_3	67de33fdf327153b72ba18eb66882a96	96	ProSiteProfiles	PS50847	Gram-positive cocci surface proteins LPxTG motif profile.	59	96	11.574	T	12-04-2020
BCW-200077_01059_3	67de33fdf327153b72ba18eb66882a96	96	Pfam	PF00746	LPXTG cell wall anchor motif	53	92	2.7E-8	T	12-04-2020	IPR019948	Gram-positive LPXTG cell wall anchor	
BCW-200077_01059_3	67de33fdf327153b72ba18eb66882a96	96	TIGRFAM	TIGR01167	LPXTG_anchor: LPXTG cell wall anchor domain	59	90	2.4E-8	T	12-04-2020
BCW-200077_01059_3	67de33fdf327153b72ba18eb66882a96	96	MobiDBLite	mobidb-lite	consensus disorder prediction	38	66	-	T	12-04-2020
BCW-200077_00188_1	f436b615a2be94844d2c5144780d86df	74	SMART	SM00530		5	59	6.8E-5	T	12-04-2020	IPR001387	Cro/C1-type helix-turn-helix domain	GO:0043565
BCW-200077_00188_1	f436b615a2be94844d2c5144780d86df	74	ProSiteProfiles	PS50943	Cro/C1-type HTH domain profile.	6	62	11.562	T	12-04-2020	IPR001387	Cro/C1-type helix-turn-helix domain	GO:0043565
BCW-200077_00188_1	f436b615a2be94844d2c5144780d86df	74	Pfam	PF13443	Cro/C1-type HTH DNA-binding domain	5	63	5.2E-9	T	12-04-2020	IPR001387	Cro/C1-type helix-turn-helix domain	GO:0043565
BCW-200077_00188_1	f436b615a2be94844d2c5144780d86df	74	SUPERFAMILY	SSF47413		2	57	2.96E-9	T	12-04-2020	IPR010982	Lambda repressor-like, DNA-binding domain superfamily	GO:0003677
BCW-200077_00188_1	f436b615a2be94844d2c5144780d86df	74	Gene3D	G3DSA:1.10.260.40		1	62	1.1E-10	T	12-04-2020
BCW-200077_00188_1	f436b615a2be94844d2c5144780d86df	74	CDD	cd00093	HTH_XRE	5	57	4.97353E-7	T	12-04-2020	IPR001387	Cro/C1-type helix-turn-helix domain	GO:0043565
BCW-200077_01148_7	6b8f73e8824819a50f954936ab051cfb	395	Gene3D	G3DSA:3.40.50.11820		29	386	4.2E-119	T	12-04-2020
BCW-200077_01148_7	6b8f73e8824819a50f954936ab051cfb	395	SUPERFAMILY	SSF53756		162	391	6.09E-20	T	12-04-2020
BCW-200077_01148_7	6b8f73e8824819a50f954936ab051cfb	395	PANTHER	PTHR22916		18	392	1.1E-92	T	12-04-2020
BCW-200077_01148_7	6b8f73e8824819a50f954936ab051cfb	395	Gene3D	G3DSA:3.40.50.12580		203	379	4.2E-119	T	12-04-2020
BCW-200077_01148_7	6b8f73e8824819a50f954936ab051cfb	395	Pfam	PF04464	CDP-Glycerol:Poly(glycerophosphate) glycerophosphotransferase	28	392	1.1E-127	T	12-04-2020	IPR007554	CDP-glycerol glycerophosphotransferase	GO:0016020|GO:0047355
BCW-200077_01148_7	6b8f73e8824819a50f954936ab051cfb	395	PANTHER	PTHR22916:SF41		18	392	1.1E-92	T	12-04-2020
BCW-000631_01187_4	c8fdc2166b38218ad3197f3652e4c59e	26	MobiDBLite	mobidb-lite	consensus disorder prediction	1	26	-	T	12-04-2020
BCW-000631_01187_4	c8fdc2166b38218ad3197f3652e4c59e	26	MobiDBLite	mobidb-lite	consensus disorder prediction	8	26	-	T	12-04-2020
BCW-000270_00143_5	79914cccb340cdc311cc130d92152b33	270	SUPERFAMILY	SSF51735		1	160	7.51E-30	T	12-04-2020	IPR036291	NAD(P)-binding domain superfamily	
BCW-000270_00143_5	79914cccb340cdc311cc130d92152b33	270	PANTHER	PTHR11645		1	268	1.8E-71	T	12-04-2020
BCW-000270_00143_5	79914cccb340cdc311cc130d92152b33	270	SUPERFAMILY	SSF48179		162	268	8.16E-31	T	12-04-2020	IPR008927	6-phosphogluconate dehydrogenase-like, C-terminal domain superfamily	GO:0055114
BCW-000270_00143_5	79914cccb340cdc311cc130d92152b33	270	PANTHER	PTHR11645:SF0		1	268	1.8E-71	T	12-04-2020
BCW-000270_00143_5	79914cccb340cdc311cc130d92152b33	270	Gene3D	G3DSA:3.40.50.720		1	165	5.8E-44	T	12-04-2020
BCW-000270_00143_5	79914cccb340cdc311cc130d92152b33	270	Pfam	PF03807	NADP oxidoreductase coenzyme F420-dependent	2	98	3.9E-18	T	12-04-2020	IPR028939	Pyrroline-5-carboxylate reductase, catalytic, N-terminal	
BCW-000270_00143_5	79914cccb340cdc311cc130d92152b33	270	Hamap	MF_01925	Pyrroline-5-carboxylate reductase [proC].	1	267	25.056	T	12-04-2020	IPR000304	Pyrroline-5-carboxylate reductase	GO:0004735|GO:0006561|GO:0055114
BCW-000270_00143_5	79914cccb340cdc311cc130d92152b33	270	Pfam	PF14748	Pyrroline-5-carboxylate reductase dimerisation	163	266	2.3E-32	T	12-04-2020	IPR029036	Pyrroline-5-carboxylate reductase, dimerisation domain	
BCW-000270_00143_5	79914cccb340cdc311cc130d92152b33	270	TIGRFAM	TIGR00112	proC: pyrroline-5-carboxylate reductase	3	267	3.4E-84	T	12-04-2020	IPR000304	Pyrroline-5-carboxylate reductase	GO:0004735|GO:0006561|GO:0055114
BCW-000270_00143_5	79914cccb340cdc311cc130d92152b33	270	PIRSF	PIRSF000193		1	270	1.8E-73	T	12-04-2020	IPR000304	Pyrroline-5-carboxylate reductase	GO:0004735|GO:0006561|GO:0055114
BCW-000270_00143_5	79914cccb340cdc311cc130d92152b33	270	ProSitePatterns	PS00521	Delta 1-pyrroline-5-carboxylate reductase signature.	223	245	-	T	12-04-2020	IPR000304	Pyrroline-5-carboxylate reductase	GO:0004735|GO:0006561|GO:0055114
BCW-000270_00143_5	79914cccb340cdc311cc130d92152b33	270	Gene3D	G3DSA:1.10.3730.10		166	267	2.3E-33	T	12-04-2020
BCW-200158_01543_2	7f89a111176e9904f592ff087d41feb6	109	Pfam	PF05595	Domain of unknown function (DUF771)	17	102	2.4E-27	T	12-04-2020	IPR008489	Protein of unknown function DUF771	
BCW-000275_01508_2	151966c59755ca3a401f95f1055d084d	119	TIGRFAM	TIGR01655	yxeA_fam: conserved hypothetical protein	1	117	7.8E-29	T	12-04-2020	IPR006542	Protein of unknown function DUF1093	
BCW-000275_01508_2	151966c59755ca3a401f95f1055d084d	119	Pfam	PF06486	Protein of unknown function (DUF1093)	27	106	3.7E-24	T	12-04-2020	IPR006542	Protein of unknown function DUF1093	
BCW-000275_01508_2	151966c59755ca3a401f95f1055d084d	119	PANTHER	PTHR36433		1	117	1.3E-18	T	12-04-2020	IPR006542	Protein of unknown function DUF1093	
BCW-000275_01508_2	151966c59755ca3a401f95f1055d084d	119	Gene3D	G3DSA:2.40.50.480		25	119	6.0E-28	T	12-04-2020	IPR036166	YxeA-like superfamily	
BCW-000275_01508_2	151966c59755ca3a401f95f1055d084d	119	SUPERFAMILY	SSF159121		21	118	2.35E-27	T	12-04-2020	IPR036166	YxeA-like superfamily	
BCW-000631_01395_5	fc41a48a6c1e2a628c18d80730532044	294	Gene3D	G3DSA:3.40.50.300		1	229	2.0E-40	T	12-04-2020
BCW-000631_01395_5	fc41a48a6c1e2a628c18d80730532044	294	SUPERFAMILY	SSF52540		1	213	5.15E-43	T	12-04-2020	IPR027417	P-loop containing nucleoside triphosphate hydrolase	
BCW-000631_01395_5	fc41a48a6c1e2a628c18d80730532044	294	PANTHER	PTHR43158		2	284	3.0E-55	T	12-04-2020
BCW-000631_01395_5	fc41a48a6c1e2a628c18d80730532044	294	PANTHER	PTHR43158:SF3		2	284	3.0E-55	T	12-04-2020
BCW-000631_01395_5	fc41a48a6c1e2a628c18d80730532044	294	CDD	cd03230	ABC_DR_subfamily_A	1	203	3.09318E-49	T	12-04-2020
BCW-000631_01395_5	fc41a48a6c1e2a628c18d80730532044	294	Pfam	PF00005	ABC transporter	16	152	4.0E-18	T	12-04-2020	IPR003439	ABC transporter-like	GO:0005524|GO:0016887
BCW-000631_01395_5	fc41a48a6c1e2a628c18d80730532044	294	ProSiteProfiles	PS50893	ATP-binding cassette, ABC transporter-type domain profile.	1	225	15.48	T	12-04-2020	IPR003439	ABC transporter-like	GO:0005524|GO:0016887
BCW-000631_01395_5	fc41a48a6c1e2a628c18d80730532044	294	SMART	SM00382		25	209	1.6E-7	T	12-04-2020	IPR003593	AAA+ ATPase domain	
BCW-000212_00064_7	a6154db460d3ca6e884a8c00de71d7e6	324	PANTHER	PTHR11019:SF163		22	322	4.7E-39	T	12-04-2020
BCW-000212_00064_7	a6154db460d3ca6e884a8c00de71d7e6	324	ProSiteProfiles	PS01124	Bacterial regulatory proteins, araC family DNA-binding domain profile.	224	322	15.512	T	12-04-2020	IPR018060	DNA binding HTH domain, AraC-type	GO:0003700|GO:0006355|GO:0043565
BCW-000212_00064_7	a6154db460d3ca6e884a8c00de71d7e6	324	SMART	SM00342		238	320	1.7E-14	T	12-04-2020	IPR018060	DNA binding HTH domain, AraC-type	GO:0003700|GO:0006355|GO:0043565
BCW-000212_00064_7	a6154db460d3ca6e884a8c00de71d7e6	324	SUPERFAMILY	SSF46689		286	322	2.69E-8	T	12-04-2020	IPR009057	Homeobox-like domain superfamily	GO:0003677
BCW-000212_00064_7	a6154db460d3ca6e884a8c00de71d7e6	324	Gene3D	G3DSA:1.10.10.60		217	323	1.3E-19	T	12-04-2020
BCW-000212_00064_7	a6154db460d3ca6e884a8c00de71d7e6	324	PANTHER	PTHR11019		22	322	4.7E-39	T	12-04-2020
BCW-000212_00064_7	a6154db460d3ca6e884a8c00de71d7e6	324	Pfam	PF12625	Arabinose-binding domain of AraC transcription regulator, N-term	19	194	1.3E-9	T	12-04-2020	IPR032687	HTH-type transcriptional regulator AraC-type, N-terminal	
BCW-000212_00064_7	a6154db460d3ca6e884a8c00de71d7e6	324	Pfam	PF12833	Helix-turn-helix domain	244	321	8.8E-14	T	12-04-2020	IPR018060	DNA binding HTH domain, AraC-type	GO:0003700|GO:0006355|GO:0043565
BCW-000270_00710_12	7dbbe10c3304d35b3aa6c64705018614	461	PANTHER	PTHR33843		1	457	1.6E-174	T	12-04-2020
BCW-000270_00710_12	7dbbe10c3304d35b3aa6c64705018614	461	Pfam	PF03611	PTS system sugar-specific permease component	12	411	3.2E-133	T	12-04-2020	IPR004703	Phosphotransferase system, sugar-specific permease component	GO:0009401|GO:0016021
BCW-000212_00485_9	1d329f818ef564c12ea19c7685cfc9c1	466	SUPERFAMILY	SSF54106		404	448	5.89E-9	T	12-04-2020
BCW-000212_00485_9	1d329f818ef564c12ea19c7685cfc9c1	466	Pfam	PF00005	ABC transporter	46	176	1.8E-18	T	12-04-2020	IPR003439	ABC transporter-like	GO:0005524|GO:0016887
BCW-000212_00485_9	1d329f818ef564c12ea19c7685cfc9c1	466	ProSiteProfiles	PS51251	Teichoic acids export ATP-binding protein tagH.	6	259	121.304	T	12-04-2020	IPR015860	ABC transporter, teichoic acids export, TagH	GO:0005524|GO:0015438|GO:0015777|GO:0016020
BCW-000212_00485_9	1d329f818ef564c12ea19c7685cfc9c1	466	ProSiteProfiles	PS50893	ATP-binding cassette, ABC transporter-type domain profile.	27	249	18.014	T	12-04-2020	IPR003439	ABC transporter-like	GO:0005524|GO:0016887
BCW-000212_00485_9	1d329f818ef564c12ea19c7685cfc9c1	466	MobiDBLite	mobidb-lite	consensus disorder prediction	356	403	-	T	12-04-2020
BCW-000212_00485_9	1d329f818ef564c12ea19c7685cfc9c1	466	MobiDBLite	mobidb-lite	consensus disorder prediction	446	466	-	T	12-04-2020
BCW-000212_00485_9	1d329f818ef564c12ea19c7685cfc9c1	466	PANTHER	PTHR24220		5	400	2.1E-98	T	12-04-2020
BCW-000212_00485_9	1d329f818ef564c12ea19c7685cfc9c1	466	SMART	SM00257		404	448	5.7E-13	T	12-04-2020	IPR018392	LysM domain	
BCW-000212_00485_9	1d329f818ef564c12ea19c7685cfc9c1	466	ProSiteProfiles	PS51782	LysM domain profile.	403	447	15.474	T	12-04-2020	IPR018392	LysM domain	
BCW-000212_00485_9	1d329f818ef564c12ea19c7685cfc9c1	466	Pfam	PF01476	LysM domain	405	448	9.7E-10	T	12-04-2020	IPR018392	LysM domain	
BCW-000212_00485_9	1d329f818ef564c12ea19c7685cfc9c1	466	PANTHER	PTHR24220:SF117		5	400	2.1E-98	T	12-04-2020	IPR030284	Teichoic acids export ATP-binding protein TagH	
BCW-000212_00485_9	1d329f818ef564c12ea19c7685cfc9c1	466	ProSitePatterns	PS00211	ABC transporters family signature.	150	164	-	T	12-04-2020	IPR017871	ABC transporter, conserved site	GO:0005524|GO:0016887
BCW-000212_00485_9	1d329f818ef564c12ea19c7685cfc9c1	466	SMART	SM00382		55	226	1.0E-7	T	12-04-2020	IPR003593	AAA+ ATPase domain	
BCW-000212_00485_9	1d329f818ef564c12ea19c7685cfc9c1	466	CDD	cd00118	LysM	405	447	2.33237E-12	T	12-04-2020	IPR018392	LysM domain	
BCW-000212_00485_9	1d329f818ef564c12ea19c7685cfc9c1	466	CDD	cd03220	ABC_KpsT_Wzt	8	231	2.82069E-100	T	12-04-2020
BCW-000212_00485_9	1d329f818ef564c12ea19c7685cfc9c1	466	MobiDBLite	mobidb-lite	consensus disorder prediction	439	466	-	T	12-04-2020
BCW-000212_00485_9	1d329f818ef564c12ea19c7685cfc9c1	466	Gene3D	G3DSA:3.10.350.10		402	448	1.2E-14	T	12-04-2020	IPR036779	LysM domain superfamily	
BCW-000212_00485_9	1d329f818ef564c12ea19c7685cfc9c1	466	SUPERFAMILY	SSF52540		38	241	1.11E-46	T	12-04-2020	IPR027417	P-loop containing nucleoside triphosphate hydrolase	
BCW-000212_00485_9	1d329f818ef564c12ea19c7685cfc9c1	466	Gene3D	G3DSA:3.40.50.300		33	304	1.9E-48	T	12-04-2020
BCW-200077_01154_4	00f226c2b9904df045300a3eccdecbf7	332	Gene3D	G3DSA:2.160.10.10		121	331	2.1E-35	T	12-04-2020
BCW-200077_01154_4	00f226c2b9904df045300a3eccdecbf7	332	PANTHER	PTHR43300		172	322	1.1E-13	T	12-04-2020
BCW-200077_01154_4	00f226c2b9904df045300a3eccdecbf7	332	SUPERFAMILY	SSF51161		209	322	4.16E-18	T	12-04-2020	IPR011004	Trimeric LpxA-like superfamily	
BCW-200077_01154_4	00f226c2b9904df045300a3eccdecbf7	332	PANTHER	PTHR43300:SF6		172	322	1.1E-13	T	12-04-2020
BCW-200077_01154_4	00f226c2b9904df045300a3eccdecbf7	332	Pfam	PF00132	Bacterial transferase hexapeptide (six repeats)	270	303	6.0E-7	T	12-04-2020	IPR001451	Hexapeptide repeat	
BCW-200077_01160_7	39c9c55428c2bc520d97c534e646666e	458	ProSitePatterns	PS00211	ABC transporters family signature.	148	162	-	T	12-04-2020	IPR017871	ABC transporter, conserved site	GO:0005524|GO:0016887
BCW-200077_01160_7	39c9c55428c2bc520d97c534e646666e	458	CDD	cd03220	ABC_KpsT_Wzt	9	229	5.22035E-93	T	12-04-2020
BCW-200077_01160_7	39c9c55428c2bc520d97c534e646666e	458	Gene3D	G3DSA:3.40.50.300		30	294	3.4E-46	T	12-04-2020
BCW-200077_01160_7	39c9c55428c2bc520d97c534e646666e	458	SUPERFAMILY	SSF54106		404	448	5.89E-8	T	12-04-2020
BCW-200077_01160_7	39c9c55428c2bc520d97c534e646666e	458	ProSiteProfiles	PS50893	ATP-binding cassette, ABC transporter-type domain profile.	20	247	18.054	T	12-04-2020	IPR003439	ABC transporter-like	GO:0005524|GO:0016887
BCW-200077_01160_7	39c9c55428c2bc520d97c534e646666e	458	MobiDBLite	mobidb-lite	consensus disorder prediction	359	376	-	T	12-04-2020
BCW-200077_01160_7	39c9c55428c2bc520d97c534e646666e	458	Gene3D	G3DSA:3.10.350.10		388	457	1.6E-13	T	12-04-2020	IPR036779	LysM domain superfamily	
BCW-200077_01160_7	39c9c55428c2bc520d97c534e646666e	458	MobiDBLite	mobidb-lite	consensus disorder prediction	359	403	-	T	12-04-2020
BCW-200077_01160_7	39c9c55428c2bc520d97c534e646666e	458	SMART	SM00382		53	224	9.9E-10	T	12-04-2020	IPR003593	AAA+ ATPase domain	
BCW-200077_01160_7	39c9c55428c2bc520d97c534e646666e	458	SUPERFAMILY	SSF52540		40	239	4.57E-43	T	12-04-2020	IPR027417	P-loop containing nucleoside triphosphate hydrolase	
BCW-200077_01160_7	39c9c55428c2bc520d97c534e646666e	458	PANTHER	PTHR24220:SF117		8	361	3.9E-93	T	12-04-2020	IPR030284	Teichoic acids export ATP-binding protein TagH	
BCW-200077_01160_7	39c9c55428c2bc520d97c534e646666e	458	MobiDBLite	mobidb-lite	consensus disorder prediction	377	403	-	T	12-04-2020
BCW-200077_01160_7	39c9c55428c2bc520d97c534e646666e	458	PANTHER	PTHR24220		8	361	3.9E-93	T	12-04-2020
BCW-200077_01160_7	39c9c55428c2bc520d97c534e646666e	458	CDD	cd00118	LysM	405	447	1.10122E-10	T	12-04-2020	IPR018392	LysM domain	
BCW-200077_01160_7	39c9c55428c2bc520d97c534e646666e	458	ProSiteProfiles	PS51251	Teichoic acids export ATP-binding protein tagH.	7	257	95.726	T	12-04-2020	IPR015860	ABC transporter, teichoic acids export, TagH	GO:0005524|GO:0015438|GO:0015777|GO:0016020
BCW-200077_01160_7	39c9c55428c2bc520d97c534e646666e	458	Pfam	PF00005	ABC transporter	44	175	6.0E-21	T	12-04-2020	IPR003439	ABC transporter-like	GO:0005524|GO:0016887
BCW-200077_01160_7	39c9c55428c2bc520d97c534e646666e	458	SMART	SM00257		404	448	2.3E-11	T	12-04-2020	IPR018392	LysM domain	
BCW-200077_01160_7	39c9c55428c2bc520d97c534e646666e	458	ProSiteProfiles	PS51782	LysM domain profile.	403	447	12.952	T	12-04-2020	IPR018392	LysM domain	
BCW-200077_01160_7	39c9c55428c2bc520d97c534e646666e	458	Pfam	PF01476	LysM domain	405	448	1.9E-9	T	12-04-2020	IPR018392	LysM domain	
BCW-200158_02187_3	9f0e84b4aa6d1a484608ef35195e30e4	295	Coils	Coil		273	293	-	T	12-04-2020
BCW-000272_01763_3	1732891d42d349f6e13d8136682a6b72	28	MobiDBLite	mobidb-lite	consensus disorder prediction	1	28	-	T	12-04-2020
BCW-200158_01926_3	ae4bb751a62cec5dfd6d34516b8763d1	73	MobiDBLite	mobidb-lite	consensus disorder prediction	1	73	-	T	12-04-2020
BCW-200158_00216_5	eaba8dc51aadc576721f7e98afc5deb3	308	SMART	SM00382		29	217	1.1E-9	T	12-04-2020	IPR003593	AAA+ ATPase domain	
BCW-200158_00216_5	eaba8dc51aadc576721f7e98afc5deb3	308	PANTHER	PTHR43335		1	304	1.4E-89	T	12-04-2020
BCW-200158_00216_5	eaba8dc51aadc576721f7e98afc5deb3	308	ProSiteProfiles	PS50893	ATP-binding cassette, ABC transporter-type domain profile.	5	234	21.055	T	12-04-2020	IPR003439	ABC transporter-like	GO:0005524|GO:0016887
BCW-200158_00216_5	eaba8dc51aadc576721f7e98afc5deb3	308	ProSitePatterns	PS00211	ABC transporters family signature.	134	148	-	T	12-04-2020	IPR017871	ABC transporter, conserved site	GO:0005524|GO:0016887
BCW-200158_00216_5	eaba8dc51aadc576721f7e98afc5deb3	308	PANTHER	PTHR43335:SF4		1	304	1.4E-89	T	12-04-2020
BCW-200158_00216_5	eaba8dc51aadc576721f7e98afc5deb3	308	SUPERFAMILY	SSF52540		3	232	8.65E-54	T	12-04-2020	IPR027417	P-loop containing nucleoside triphosphate hydrolase	
BCW-200158_00216_5	eaba8dc51aadc576721f7e98afc5deb3	308	Gene3D	G3DSA:3.40.50.300		1	244	6.0E-57	T	12-04-2020
BCW-200158_00216_5	eaba8dc51aadc576721f7e98afc5deb3	308	Pfam	PF00005	ABC transporter	20	162	4.2E-29	T	12-04-2020	IPR003439	ABC transporter-like	GO:0005524|GO:0016887
BCW-200158_00011_1	d1cf1cea517b2638bec5849b446e4540	100	SMART	SM00530		9	63	0.0014	T	12-04-2020	IPR001387	Cro/C1-type helix-turn-helix domain	GO:0043565
BCW-200158_00011_1	d1cf1cea517b2638bec5849b446e4540	100	SUPERFAMILY	SSF47413		5	69	5.28E-6	T	12-04-2020	IPR010982	Lambda repressor-like, DNA-binding domain superfamily	GO:0003677
BCW-200158_00011_1	d1cf1cea517b2638bec5849b446e4540	100	Gene3D	G3DSA:1.10.260.40		8	100	7.1E-9	T	12-04-2020
BCW-200158_00011_1	d1cf1cea517b2638bec5849b446e4540	100	CDD	cd00093	HTH_XRE	9	63	1.19905E-4	T	12-04-2020	IPR001387	Cro/C1-type helix-turn-helix domain	GO:0043565
BCW-200158_00011_1	d1cf1cea517b2638bec5849b446e4540	100	ProSiteProfiles	PS50943	Cro/C1-type HTH domain profile.	10	63	10.279	T	12-04-2020	IPR001387	Cro/C1-type helix-turn-helix domain	GO:0043565
BCW-200158_00011_1	d1cf1cea517b2638bec5849b446e4540	100	Pfam	PF01381	Helix-turn-helix	10	63	1.7E-5	T	12-04-2020	IPR001387	Cro/C1-type helix-turn-helix domain	GO:0043565
BCW-200158_00080_4	94139a9f9c501a093291a05b4df1d88f	154	SUPERFAMILY	SSF55804		5	152	1.96E-34	T	12-04-2020	IPR016152	Phosphotransferase/anion transporter	
BCW-200158_00080_4	94139a9f9c501a093291a05b4df1d88f	154	TIGRFAM	TIGR00848	fruA: PTS system, fructose subfamily, IIA component	10	136	5.4E-38	T	12-04-2020	IPR004715	Phosphotransferase system, IIA component fructose subfamily	GO:0008982|GO:0009401|GO:0016021
BCW-200158_00080_4	94139a9f9c501a093291a05b4df1d88f	154	ProSiteProfiles	PS51094	PTS_EIIA type-2 domain profile.	8	153	41.285	T	12-04-2020	IPR002178	PTS EIIA type-2 domain	
BCW-200158_00080_4	94139a9f9c501a093291a05b4df1d88f	154	Pfam	PF00359	Phosphoenolpyruvate-dependent sugar phosphotransferase system, EIIA 2	10	151	4.5E-36	T	12-04-2020	IPR002178	PTS EIIA type-2 domain	
BCW-200158_00080_4	94139a9f9c501a093291a05b4df1d88f	154	ProSitePatterns	PS00372	PTS EIIA domains phosphorylation site signature 2.	55	71	-	T	12-04-2020	IPR002178	PTS EIIA type-2 domain	
BCW-200158_00080_4	94139a9f9c501a093291a05b4df1d88f	154	Gene3D	G3DSA:3.40.930.10		3	154	1.6E-39	T	12-04-2020	IPR016152	Phosphotransferase/anion transporter	
BCW-200158_00080_4	94139a9f9c501a093291a05b4df1d88f	154	PANTHER	PTHR30505:SF5		5	153	6.3E-34	T	12-04-2020
BCW-200158_00080_4	94139a9f9c501a093291a05b4df1d88f	154	CDD	cd00211	PTS_IIA_fru	10	150	6.67188E-31	T	12-04-2020
BCW-200158_00080_4	94139a9f9c501a093291a05b4df1d88f	154	PANTHER	PTHR30505		5	153	6.3E-34	T	12-04-2020
BCW-000212_00640_4	94a3063acb14a891ca9c31a1cb377723	141	Gene3D	G3DSA:2.40.50.140		1	112	3.8E-45	T	12-04-2020
BCW-000212_00640_4	94a3063acb14a891ca9c31a1cb377723	141	Hamap	MF_00984	Single-stranded DNA-binding protein.	2	107	33.816	T	12-04-2020	IPR011344	Single-stranded DNA-binding protein	GO:0003697|GO:0006260
BCW-000212_00640_4	94a3063acb14a891ca9c31a1cb377723	141	PIRSF	PIRSF002070		1	139	7.1E-39	T	12-04-2020
BCW-000212_00640_4	94a3063acb14a891ca9c31a1cb377723	141	CDD	cd04496	SSB_OBF	5	103	1.14687E-41	T	12-04-2020	IPR000424	Primosome PriB/single-strand DNA-binding	GO:0003697
BCW-000212_00640_4	94a3063acb14a891ca9c31a1cb377723	141	ProSiteProfiles	PS50935	Single-strand binding (SSB) domain profile.	1	104	34.118	T	12-04-2020	IPR000424	Primosome PriB/single-strand DNA-binding	GO:0003697
BCW-000212_00640_4	94a3063acb14a891ca9c31a1cb377723	141	TIGRFAM	TIGR00621	ssb: single-stranded DNA-binding protein	1	141	2.0E-38	T	12-04-2020	IPR011344	Single-stranded DNA-binding protein	GO:0003697|GO:0006260
BCW-000212_00640_4	94a3063acb14a891ca9c31a1cb377723	141	PANTHER	PTHR10302:SF0		1	141	4.2E-35	T	12-04-2020	IPR011344	Single-stranded DNA-binding protein	GO:0003697|GO:0006260
BCW-000212_00640_4	94a3063acb14a891ca9c31a1cb377723	141	Pfam	PF00436	Single-strand binding protein family	2	103	2.8E-36	T	12-04-2020	IPR000424	Primosome PriB/single-strand DNA-binding	GO:0003697
BCW-000212_00640_4	94a3063acb14a891ca9c31a1cb377723	141	MobiDBLite	mobidb-lite	consensus disorder prediction	107	141	-	T	12-04-2020
BCW-000212_00640_4	94a3063acb14a891ca9c31a1cb377723	141	MobiDBLite	mobidb-lite	consensus disorder prediction	107	130	-	T	12-04-2020
BCW-000212_00640_4	94a3063acb14a891ca9c31a1cb377723	141	PANTHER	PTHR10302		1	141	4.2E-35	T	12-04-2020	IPR000424	Primosome PriB/single-strand DNA-binding	GO:0003697
BCW-000212_00640_4	94a3063acb14a891ca9c31a1cb377723	141	SUPERFAMILY	SSF50249		1	141	2.14E-51	T	12-04-2020	IPR012340	Nucleic acid-binding, OB-fold	
BCW-000270_01977_6	ce8d09683819c8f2198846709f5a0bf3	268	PIRSF	PIRSF009141		1	268	1.3E-109	T	12-04-2020	IPR008535	Protein of unknown function DUF817	
BCW-000270_01977_6	ce8d09683819c8f2198846709f5a0bf3	268	Pfam	PF05675	Protein of unknown function (DUF817)	13	246	5.5E-82	T	12-04-2020	IPR008535	Protein of unknown function DUF817	
BCW-200158_01101_8	8e61b94edf52a00a6d010ee0573da72d	507	Pfam	PF04740	LXG domain of WXG superfamily	19	186	1.2E-9	T	12-04-2020	IPR006829	LXG domain	
BCW-200188_01180_4	ef68da1510cd8fb4ec1aa803d8c0c7ed	394	CDD	cd00093	HTH_XRE	4	63	1.59198E-9	T	12-04-2020	IPR001387	Cro/C1-type helix-turn-helix domain	GO:0043565
BCW-200188_01180_4	ef68da1510cd8fb4ec1aa803d8c0c7ed	394	Pfam	PF06114	IrrE N-terminal-like domain	180	290	3.7E-21	T	12-04-2020	IPR010359	IrrE N-terminal-like domain	
BCW-200188_01180_4	ef68da1510cd8fb4ec1aa803d8c0c7ed	394	SUPERFAMILY	SSF47413		2	69	8.58E-11	T	12-04-2020	IPR010982	Lambda repressor-like, DNA-binding domain superfamily	GO:0003677
BCW-200188_01180_4	ef68da1510cd8fb4ec1aa803d8c0c7ed	394	ProSiteProfiles	PS50943	Cro/C1-type HTH domain profile.	7	63	12.897	T	12-04-2020	IPR001387	Cro/C1-type helix-turn-helix domain	GO:0043565
BCW-200188_01180_4	ef68da1510cd8fb4ec1aa803d8c0c7ed	394	PANTHER	PTHR10245:SF109		4	272	2.7E-19	T	12-04-2020
BCW-200188_01180_4	ef68da1510cd8fb4ec1aa803d8c0c7ed	394	PANTHER	PTHR10245		4	272	2.7E-19	T	12-04-2020
BCW-200188_01180_4	ef68da1510cd8fb4ec1aa803d8c0c7ed	394	Gene3D	G3DSA:1.10.260.40		2	92	1.2E-11	T	12-04-2020
BCW-200188_01180_4	ef68da1510cd8fb4ec1aa803d8c0c7ed	394	SMART	SM00530		6	63	1.2E-4	T	12-04-2020	IPR001387	Cro/C1-type helix-turn-helix domain	GO:0043565
BCW-200158_01936_6	3efb96f4c836c858a8346ac8e442ee87	35	MobiDBLite	mobidb-lite	consensus disorder prediction	21	35	-	T	12-04-2020
BCW-200158_01936_6	3efb96f4c836c858a8346ac8e442ee87	35	MobiDBLite	mobidb-lite	consensus disorder prediction	1	35	-	T	12-04-2020
BCW-200158_00025_1	5e1f1fb5db359de8e7d1d15173351b92	145	PANTHER	PTHR37299		19	137	3.0E-17	T	12-04-2020
BCW-200158_00025_1	5e1f1fb5db359de8e7d1d15173351b92	145	SMART	SM00850		43	138	4.5E-21	T	12-04-2020	IPR007492	LytTR DNA-binding domain	GO:0003677
BCW-200158_00025_1	5e1f1fb5db359de8e7d1d15173351b92	145	Pfam	PF04397	LytTr DNA-binding domain	44	137	6.8E-19	T	12-04-2020	IPR007492	LytTR DNA-binding domain	GO:0003677
BCW-200158_00025_1	5e1f1fb5db359de8e7d1d15173351b92	145	ProSiteProfiles	PS50930	LytTR-type HTH domain profile.	37	139	25.773	T	12-04-2020	IPR007492	LytTR DNA-binding domain	GO:0003677
BCW-200158_00025_1	5e1f1fb5db359de8e7d1d15173351b92	145	Gene3D	G3DSA:2.40.50.1020		31	133	1.2E-9	T	12-04-2020
BCW-200158_01936_3	14272319918cfceb29a8a906dfc3f799	146	Pfam	PF15432	Accessory Sec secretory system ASP3	15	138	8.3E-31	T	12-04-2020	IPR022259	Accessory Sec system protein Asp3	GO:0015031
BCW-200158_01936_3	14272319918cfceb29a8a906dfc3f799	146	TIGRFAM	TIGR03711	acc_sec_asp3: accessory Sec system protein Asp3	4	135	3.0E-33	T	12-04-2020	IPR022259	Accessory Sec system protein Asp3	GO:0015031
BCW-200158_02292_11	17daa9639655d89b1ef4edc499083cad	405	SUPERFAMILY	SSF103473		17	400	2.22E-21	T	12-04-2020	IPR036259	MFS transporter superfamily	
BCW-200158_02292_11	17daa9639655d89b1ef4edc499083cad	405	Pfam	PF07690	Major Facilitator Superfamily	18	358	1.6E-12	T	12-04-2020	IPR011701	Major facilitator superfamily	GO:0016021|GO:0055085
BCW-200158_02292_11	17daa9639655d89b1ef4edc499083cad	405	Gene3D	G3DSA:1.20.1250.20		16	397	5.4E-17	T	12-04-2020
BCW-200158_02292_11	17daa9639655d89b1ef4edc499083cad	405	PANTHER	PTHR23530		23	395	2.0E-20	T	12-04-2020
BCW-000272_01763_2	39804c0b112e44f6ffcde0c4884e0b13	26	MobiDBLite	mobidb-lite	consensus disorder prediction	1	26	-	T	12-04-2020
BCW-000272_01763_2	39804c0b112e44f6ffcde0c4884e0b13	26	MobiDBLite	mobidb-lite	consensus disorder prediction	10	26	-	T	12-04-2020
BCW-200158_00216_4	00e8546c330fc0acf77bf65c2fcf1cc9	28	MobiDBLite	mobidb-lite	consensus disorder prediction	8	28	-	T	12-04-2020
BCW-200158_00216_4	00e8546c330fc0acf77bf65c2fcf1cc9	28	MobiDBLite	mobidb-lite	consensus disorder prediction	1	28	-	T	12-04-2020
BCW-200158_01926_1	b3ee7565dfd6d6e8b10764340c7492a4	73	MobiDBLite	mobidb-lite	consensus disorder prediction	38	73	-	T	12-04-2020
BCW-200158_01926_1	b3ee7565dfd6d6e8b10764340c7492a4	73	MobiDBLite	mobidb-lite	consensus disorder prediction	38	53	-	T	12-04-2020
BCW-200158_01926_1	b3ee7565dfd6d6e8b10764340c7492a4	73	MobiDBLite	mobidb-lite	consensus disorder prediction	58	73	-	T	12-04-2020
BCW-200158_01926_1	b3ee7565dfd6d6e8b10764340c7492a4	73	MobiDBLite	mobidb-lite	consensus disorder prediction	1	22	-	T	12-04-2020
BCW-200158_02165_2	f6852522c43f7afda2ca7982c1813eca	30	MobiDBLite	mobidb-lite	consensus disorder prediction	1	15	-	T	12-04-2020
BCW-200158_02165_2	f6852522c43f7afda2ca7982c1813eca	30	MobiDBLite	mobidb-lite	consensus disorder prediction	1	30	-	T	12-04-2020
BCW-200158_02165_2	f6852522c43f7afda2ca7982c1813eca	30	MobiDBLite	mobidb-lite	consensus disorder prediction	16	30	-	T	12-04-2020
BCW-200077_01162_6	32f25f669e0bc55262436e3b8095de04	486	SUPERFAMILY	SSF53448		40	266	9.85E-46	T	12-04-2020	IPR029044	Nucleotide-diphospho-sugar transferases	
BCW-200077_01162_6	32f25f669e0bc55262436e3b8095de04	486	Pfam	PF00535	Glycosyl transferase family 2	43	180	8.3E-29	T	12-04-2020	IPR001173	Glycosyltransferase 2-like	
BCW-200077_01162_6	32f25f669e0bc55262436e3b8095de04	486	CDD	cd00761	Glyco_tranf_GTA_type	44	153	6.40371E-29	T	12-04-2020
BCW-200077_01162_6	32f25f669e0bc55262436e3b8095de04	486	Gene3D	G3DSA:3.90.550.10		37	240	2.1E-45	T	12-04-2020	IPR029044	Nucleotide-diphospho-sugar transferases	
BCW-200077_01162_6	32f25f669e0bc55262436e3b8095de04	486	PANTHER	PTHR22916:SF47		39	278	3.5E-37	T	12-04-2020
BCW-200077_01162_6	32f25f669e0bc55262436e3b8095de04	486	PANTHER	PTHR22916		39	278	3.5E-37	T	12-04-2020
BCW-000272_01763_1	6a7ae467e4dc0fcda5a479a8a8813cfd	29	MobiDBLite	mobidb-lite	consensus disorder prediction	1	20	-	T	12-04-2020
BCW-000272_01763_1	6a7ae467e4dc0fcda5a479a8a8813cfd	29	MobiDBLite	mobidb-lite	consensus disorder prediction	1	29	-	T	12-04-2020
BCW-200158_01538_2	f0ec66a609c6eecca569f85237ec061f	109	Gene3D	G3DSA:1.10.10.10		32	107	5.1E-6	T	12-04-2020	IPR036388	Winged helix-like DNA-binding domain superfamily	
BCW-200158_01538_2	f0ec66a609c6eecca569f85237ec061f	109	SUPERFAMILY	SSF88659		45	106	1.83E-6	T	12-04-2020	IPR013324	RNA polymerase sigma factor, region 3/4-like	
BCW-000272_00295_12	430bf97a66bc5f69f3607dbe7fad066d	28	MobiDBLite	mobidb-lite	consensus disorder prediction	1	28	-	T	12-04-2020
BCW-000272_00295_12	430bf97a66bc5f69f3607dbe7fad066d	28	MobiDBLite	mobidb-lite	consensus disorder prediction	1	16	-	T	12-04-2020
BCW-000217_00366_1	311a464b39df9cbb48444f041ccae808	93	PANTHER	PTHR39560		1	85	2.5E-14	T	12-04-2020
BCW-000217_00366_1	311a464b39df9cbb48444f041ccae808	93	SUPERFAMILY	SSF140931		1	75	2.35E-18	T	12-04-2020	IPR036597	Fido-like domain superfamily	
BCW-000217_00366_1	311a464b39df9cbb48444f041ccae808	93	Gene3D	G3DSA:1.10.3290.10		1	88	2.2E-29	T	12-04-2020	IPR036597	Fido-like domain superfamily	
BCW-000217_00366_1	311a464b39df9cbb48444f041ccae808	93	ProSiteProfiles	PS51459	Fido domain profile.	1	61	12.065	T	12-04-2020	IPR003812	Fido domain	
BCW-000272_01265_8	fb4ff8f46bf5ede298c115755a40dc41	520	Pfam	PF07488	Glycosyl hydrolase family 67 middle domain	103	436	2.7E-130	T	12-04-2020	IPR011100	Glycosyl hydrolase family 67, catalytic domain	GO:0005576|GO:0045493|GO:0046559
BCW-000272_01265_8	fb4ff8f46bf5ede298c115755a40dc41	520	PANTHER	PTHR39207		77	516	3.5E-153	T	12-04-2020
BCW-000272_01265_8	fb4ff8f46bf5ede298c115755a40dc41	520	SUPERFAMILY	SSF51445		113	517	1.4E-151	T	12-04-2020	IPR017853	Glycoside hydrolase superfamily	
BCW-000272_01265_8	fb4ff8f46bf5ede298c115755a40dc41	520	Gene3D	G3DSA:3.90.1330.10		458	520	3.1E-11	T	12-04-2020	IPR037054	Alpha-glucuronidase, C-terminal domain superfamily	GO:0005576|GO:0045493|GO:0046559
BCW-000272_01265_8	fb4ff8f46bf5ede298c115755a40dc41	520	Pfam	PF07477	Glycosyl hydrolase family 67 C-terminus	437	517	5.3E-24	T	12-04-2020	IPR011099	Glycosyl hydrolase family 67, C-terminal	GO:0005576|GO:0045493|GO:0046559
BCW-000272_01265_8	fb4ff8f46bf5ede298c115755a40dc41	520	Gene3D	G3DSA:3.20.20.80		111	457	1.1E-148	T	12-04-2020
BCW-200077_02632_5	772363239e2d30bf930c6ce69f82fc20	427	Gene3D	G3DSA:3.30.420.280		235	419	2.1E-50	T	12-04-2020
BCW-200077_02632_5	772363239e2d30bf930c6ce69f82fc20	427	Pfam	PF17288	Terminase RNAseH like domain	264	408	4.5E-16	T	12-04-2020	IPR035413	Phage terminase large subunit, C-terminal	
BCW-200077_02632_5	772363239e2d30bf930c6ce69f82fc20	427	Gene3D	G3DSA:3.40.50.300		10	233	1.1E-54	T	12-04-2020
BCW-200077_02632_5	772363239e2d30bf930c6ce69f82fc20	427	PANTHER	PTHR39184		28	415	1.9E-83	T	12-04-2020
BCW-200077_02632_5	772363239e2d30bf930c6ce69f82fc20	427	TIGRFAM	TIGR01547	phage_term_2: phage terminase, large subunit, PBSX family	27	417	1.1E-50	T	12-04-2020	IPR006437	Bacteriophage terminase, large subunit	GO:0006323
BCW-200077_02632_5	772363239e2d30bf930c6ce69f82fc20	427	Pfam	PF04466	Phage terminase large subunit	27	229	7.6E-44	T	12-04-2020	IPR035412	Phage terminase large subunit, N-terminal	
BCW-200158_01936_4	a86588adde211ceabc19f45079830f54	62	MobiDBLite	mobidb-lite	consensus disorder prediction	42	62	-	T	12-04-2020
BCW-000446_02120_1	c712829d2f6df3a695be0465c36f1d00	43	Pfam	PF00885	6,7-dimethyl-8-ribityllumazine synthase	1	40	3.7E-12	T	12-04-2020	IPR002180	Lumazine/riboflavin synthase	GO:0009231|GO:0009349
BCW-000446_02120_1	c712829d2f6df3a695be0465c36f1d00	43	SUPERFAMILY	SSF52121		1	42	1.23E-13	T	12-04-2020	IPR036467	Lumazine/riboflavin synthase superfamily	GO:0009231|GO:0009349
BCW-000446_02120_1	c712829d2f6df3a695be0465c36f1d00	43	PANTHER	PTHR21058		1	42	5.9E-13	T	12-04-2020	IPR034964	Lumazine synthase	GO:0000906|GO:0009231
BCW-000446_02120_1	c712829d2f6df3a695be0465c36f1d00	43	Gene3D	G3DSA:3.40.50.960		1	43	2.7E-13	T	12-04-2020	IPR036467	Lumazine/riboflavin synthase superfamily	GO:0009231|GO:0009349
BCW-000212_01709_7	6f84f9182b6d2802d1c7fde16116ed92	40	MobiDBLite	mobidb-lite	consensus disorder prediction	1	40	-	T	12-04-2020
BCW-000212_00983_7	b2f71151aa87a0158d6a55ccc7e3eb93	36	MobiDBLite	mobidb-lite	consensus disorder prediction	1	22	-	T	12-04-2020
BCW-200158_00230_3	cebdca84987bd3fbbb80862a08a28f76	84	Pfam	PF04332	Protein of unknown function (DUF475)	4	74	1.0E-5	T	12-04-2020	IPR007427	Protein of unknown function DUF475	
BCW-200158_02184_18	3be67901377d7e489e583c6d7467ab7b	915	Pfam	PF06458	MucBP domain	635	692	0.008	T	12-04-2020	IPR009459	MucBP domain	
BCW-200158_02184_18	3be67901377d7e489e583c6d7467ab7b	915	Pfam	PF06458	MucBP domain	363	426	6.5E-7	T	12-04-2020	IPR009459	MucBP domain	
BCW-200158_02184_18	3be67901377d7e489e583c6d7467ab7b	915	Pfam	PF06458	MucBP domain	562	612	0.027	T	12-04-2020	IPR009459	MucBP domain	
BCW-200158_02184_18	3be67901377d7e489e583c6d7467ab7b	915	Pfam	PF06458	MucBP domain	294	357	2.3E-5	T	12-04-2020	IPR009459	MucBP domain	
BCW-200158_02184_18	3be67901377d7e489e583c6d7467ab7b	915	Gene3D	G3DSA:3.10.20.320		289	361	5.6E-9	T	12-04-2020
BCW-200158_02184_18	3be67901377d7e489e583c6d7467ab7b	915	Gene3D	G3DSA:3.10.20.320		362	437	2.0E-9	T	12-04-2020
BCW-000270_00710_15	f3313d641df8158002698ae598f7f767	47	MobiDBLite	mobidb-lite	consensus disorder prediction	1	47	-	T	12-04-2020
BCW-000271_02149_3	7ab04f5e57d065ee1f4a2471fac2f4d6	61	ProSiteProfiles	PS51257	Prokaryotic membrane lipoprotein lipid attachment site profile.	1	23	6.0	T	12-04-2020
BCW-000270_01669_2	9eb394b5c910fa562c0d946bbfd46fdd	89	SUPERFAMILY	SSF46955		44	88	1.15E-7	T	12-04-2020	IPR009061	Putative DNA-binding domain superfamily	
BCW-000275_01919_1	7d2575917199dfe4c517bf2f1dae0850	174	Coils	Coil		171	174	-	T	12-04-2020
BCW-000212_00983_3	6d4a8223f13640ba6ccd394699ad0c0a	191	Pfam	PF18540	Domain of unknown function (DUF5626)	77	188	3.7E-17	T	12-04-2020
BCW-000212_00640_2	7b6d047185d507ea3a5d57ac33dff725	27	MobiDBLite	mobidb-lite	consensus disorder prediction	1	27	-	T	12-04-2020
