BCW-200128_01087_4	3ad5c5eada9145e7db7e3437542edbf4	222	PANTHER	PTHR42695:SF5		29	195	1.6E-34	T	12-04-2020
BCW-200128_01087_4	3ad5c5eada9145e7db7e3437542edbf4	222	CDD	cd01741	GATase1_1	2	171	7.40228E-58	T	12-04-2020
BCW-200128_01087_4	3ad5c5eada9145e7db7e3437542edbf4	222	PANTHER	PTHR42695		29	195	1.6E-34	T	12-04-2020
BCW-200128_01087_4	3ad5c5eada9145e7db7e3437542edbf4	222	Pfam	PF00117	Glutamine amidotransferase class-I	42	175	1.8E-15	T	12-04-2020	IPR017926	Glutamine amidotransferase	
BCW-200128_01087_4	3ad5c5eada9145e7db7e3437542edbf4	222	SUPERFAMILY	SSF52317		6	207	1.41E-42	T	12-04-2020	IPR029062	Class I glutamine amidotransferase-like	
BCW-200128_01087_4	3ad5c5eada9145e7db7e3437542edbf4	222	Gene3D	G3DSA:3.40.50.880		1	222	6.5E-47	T	12-04-2020	IPR029062	Class I glutamine amidotransferase-like	
BCW-200128_01087_4	3ad5c5eada9145e7db7e3437542edbf4	222	ProSiteProfiles	PS51273	Glutamine amidotransferase type 1 domain profile.	2	193	14.068	T	12-04-2020	IPR017926	Glutamine amidotransferase	
BCW-200051_00186_15	fde5b4a017a77771695e6234824f4931	874	Gene3D	G3DSA:1.20.1270.50		273	371	3.5E-16	T	12-04-2020	IPR037094	Glycoside hydrolase family 38, central domain superfamily	GO:0004559|GO:0006013
BCW-200051_00186_15	fde5b4a017a77771695e6234824f4931	874	SUPERFAMILY	SSF88713		2	262	1.0E-44	T	12-04-2020	IPR011330	Glycoside hydrolase/deacetylase, beta/alpha-barrel	GO:0003824|GO:0005975
BCW-200051_00186_15	fde5b4a017a77771695e6234824f4931	874	SUPERFAMILY	SSF74650		370	858	3.45E-41	T	12-04-2020	IPR011013	Galactose mutarotase-like domain superfamily	GO:0003824|GO:0005975|GO:0030246
BCW-200051_00186_15	fde5b4a017a77771695e6234824f4931	874	Pfam	PF07748	Glycosyl hydrolases family 38 C-terminal domain	476	695	6.6E-17	T	12-04-2020	IPR011682	Glycosyl hydrolase family 38, C-terminal	GO:0004559|GO:0006013
BCW-200051_00186_15	fde5b4a017a77771695e6234824f4931	874	SUPERFAMILY	SSF88688		270	370	4.25E-12	T	12-04-2020	IPR028995	Glycoside hydrolase families 57/38, central domain superfamily	
BCW-200051_00186_15	fde5b4a017a77771695e6234824f4931	874	PANTHER	PTHR11607		3	631	3.6E-53	T	12-04-2020
BCW-200051_00186_15	fde5b4a017a77771695e6234824f4931	874	Coils	Coil		417	437	-	T	12-04-2020
BCW-200051_00186_15	fde5b4a017a77771695e6234824f4931	874	Gene3D	G3DSA:2.70.98.30		466	747	1.4E-61	T	12-04-2020
BCW-200051_00186_15	fde5b4a017a77771695e6234824f4931	874	Coils	Coil		872	874	-	T	12-04-2020
BCW-200051_00186_15	fde5b4a017a77771695e6234824f4931	874	Pfam	PF09261	Alpha mannosidase middle domain	270	365	2.4E-10	T	12-04-2020	IPR015341	Glycoside hydrolase family 38, central domain	GO:0004559|GO:0006013
BCW-200051_00186_15	fde5b4a017a77771695e6234824f4931	874	SMART	SM00872		269	347	8.5E-5	T	12-04-2020	IPR015341	Glycoside hydrolase family 38, central domain	GO:0004559|GO:0006013
BCW-200051_00186_15	fde5b4a017a77771695e6234824f4931	874	CDD	cd10815	GH38N_AMII_EcMngB_like	3	265	2.70322E-131	T	12-04-2020
BCW-200051_00186_15	fde5b4a017a77771695e6234824f4931	874	Pfam	PF01074	Glycosyl hydrolases family 38 N-terminal domain	3	255	4.8E-35	T	12-04-2020	IPR000602	Glycoside hydrolase family 38, N-terminal domain	GO:0004559|GO:0006013
BCW-200051_00186_15	fde5b4a017a77771695e6234824f4931	874	Gene3D	G3DSA:3.20.110.10		1	265	4.2E-85	T	12-04-2020	IPR027291	Glycoside hydrolase 38, N-terminal domain superfamily	
BCW-200051_00182_6	d0320a00d9fea2d56f5d7ddc97e3804e	247	PANTHER	PTHR36122		51	242	1.6E-25	T	12-04-2020	IPR006419	Nicotinamide mononucleotide transporter PnuC	GO:0016020|GO:0034257|GO:0034258
BCW-200051_00182_6	d0320a00d9fea2d56f5d7ddc97e3804e	247	Pfam	PF04973	Nicotinamide mononucleotide transporter	54	240	8.5E-29	T	12-04-2020	IPR006419	Nicotinamide mononucleotide transporter PnuC	GO:0016020|GO:0034257|GO:0034258
BCW-200051_00182_6	d0320a00d9fea2d56f5d7ddc97e3804e	247	TIGRFAM	TIGR01528	NMN_trans_PnuC: nicotinamide mononucleotide transporter PnuC	53	244	2.2E-32	T	12-04-2020	IPR006419	Nicotinamide mononucleotide transporter PnuC	GO:0016020|GO:0034257|GO:0034258
BCW-200051_02065_2	5fc7fc5529cc0782329c430f3309dd57	201	ProSitePatterns	PS00954	Imidazoleglycerol-phosphate dehydratase signature 1.	66	79	-	T	12-04-2020	IPR020565	Imidazoleglycerol-phosphate dehydratase, conserved site	GO:0000105|GO:0004424
BCW-200051_02065_2	5fc7fc5529cc0782329c430f3309dd57	201	SUPERFAMILY	SSF54211		92	185	2.43E-34	T	12-04-2020	IPR020568	Ribosomal protein S5 domain 2-type fold	
BCW-200051_02065_2	5fc7fc5529cc0782329c430f3309dd57	201	Gene3D	G3DSA:3.30.230.40		95	201	2.2E-37	T	12-04-2020	IPR038494	Imidazole glycerol phosphate dehydratase domain superfamily	
BCW-200051_02065_2	5fc7fc5529cc0782329c430f3309dd57	201	Gene3D	G3DSA:3.30.230.40		1	94	2.9E-32	T	12-04-2020	IPR038494	Imidazole glycerol phosphate dehydratase domain superfamily	
BCW-200051_02065_2	5fc7fc5529cc0782329c430f3309dd57	201	Hamap	MF_00076	Imidazoleglycerol-phosphate dehydratase [hisB].	4	201	41.796	T	12-04-2020	IPR000807	Imidazoleglycerol-phosphate dehydratase	GO:0000105|GO:0004424
BCW-200051_02065_2	5fc7fc5529cc0782329c430f3309dd57	201	Pfam	PF00475	Imidazoleglycerol-phosphate dehydratase	33	180	3.4E-59	T	12-04-2020	IPR000807	Imidazoleglycerol-phosphate dehydratase	GO:0000105|GO:0004424
BCW-200051_02065_2	5fc7fc5529cc0782329c430f3309dd57	201	ProSitePatterns	PS00955	Imidazoleglycerol-phosphate dehydratase signature 2.	162	174	-	T	12-04-2020	IPR020565	Imidazoleglycerol-phosphate dehydratase, conserved site	GO:0000105|GO:0004424
BCW-200051_02065_2	5fc7fc5529cc0782329c430f3309dd57	201	CDD	cd07914	IGPD	6	201	5.89531E-116	T	12-04-2020	IPR000807	Imidazoleglycerol-phosphate dehydratase	GO:0000105|GO:0004424
BCW-200051_02065_2	5fc7fc5529cc0782329c430f3309dd57	201	SUPERFAMILY	SSF54211		4	90	2.4E-28	T	12-04-2020	IPR020568	Ribosomal protein S5 domain 2-type fold	
BCW-200051_02065_2	5fc7fc5529cc0782329c430f3309dd57	201	PANTHER	PTHR23133		1	201	3.7E-74	T	12-04-2020	IPR000807	Imidazoleglycerol-phosphate dehydratase	GO:0000105|GO:0004424
BCW-000541_01957_9	463f73bb89d40a3cc79fd25378f1d119	304	SUPERFAMILY	SSF161098		59	289	2.35E-58	T	12-04-2020	IPR035906	MetI-like superfamily	
BCW-000541_01957_9	463f73bb89d40a3cc79fd25378f1d119	304	Pfam	PF00528	Binding-protein-dependent transport system inner membrane component	94	292	7.2E-15	T	12-04-2020	IPR000515	ABC transporter type 1, transmembrane domain MetI-like	GO:0016020|GO:0055085
BCW-000541_01957_9	463f73bb89d40a3cc79fd25378f1d119	304	CDD	cd06261	TM_PBP2	77	272	1.92058E-9	T	12-04-2020	IPR000515	ABC transporter type 1, transmembrane domain MetI-like	GO:0016020|GO:0055085
BCW-000541_01957_9	463f73bb89d40a3cc79fd25378f1d119	304	Gene3D	G3DSA:1.10.3720.10		55	297	3.5E-64	T	12-04-2020	IPR035906	MetI-like superfamily	
BCW-000541_01957_9	463f73bb89d40a3cc79fd25378f1d119	304	PANTHER	PTHR30193		1	295	2.0E-82	T	12-04-2020
BCW-000541_01957_9	463f73bb89d40a3cc79fd25378f1d119	304	PANTHER	PTHR30193:SF6		1	295	2.0E-82	T	12-04-2020
BCW-000541_01957_9	463f73bb89d40a3cc79fd25378f1d119	304	ProSiteProfiles	PS50928	ABC transporter integral membrane type-1 domain profile.	75	292	23.8	T	12-04-2020	IPR000515	ABC transporter type 1, transmembrane domain MetI-like	GO:0016020|GO:0055085
BCW-000541_01962_6	18b08ef9b25389bbb054eaac15d9ac7e	329	CDD	cd01392	HTH_LacI	7	58	2.58655E-18	T	12-04-2020	IPR000843	LacI-type HTH domain	GO:0003677|GO:0006355
BCW-000541_01962_6	18b08ef9b25389bbb054eaac15d9ac7e	329	CDD	cd06267	PBP1_LacI_sugar_binding_like	63	321	2.33152E-64	T	12-04-2020
BCW-000541_01962_6	18b08ef9b25389bbb054eaac15d9ac7e	329	SUPERFAMILY	SSF53822		81	327	1.59E-50	T	12-04-2020	IPR028082	Periplasmic binding protein-like I	
BCW-000541_01962_6	18b08ef9b25389bbb054eaac15d9ac7e	329	SMART	SM00354		3	73	3.0E-23	T	12-04-2020	IPR000843	LacI-type HTH domain	GO:0003677|GO:0006355
BCW-000541_01962_6	18b08ef9b25389bbb054eaac15d9ac7e	329	Pfam	PF00356	Bacterial regulatory proteins, lacI family	5	50	5.4E-15	T	12-04-2020	IPR000843	LacI-type HTH domain	GO:0003677|GO:0006355
BCW-000541_01962_6	18b08ef9b25389bbb054eaac15d9ac7e	329	Pfam	PF13377	Periplasmic binding protein-like domain	175	326	6.0E-25	T	12-04-2020
BCW-000541_01962_6	18b08ef9b25389bbb054eaac15d9ac7e	329	Gene3D	G3DSA:1.10.260.40		1	61	1.8E-21	T	12-04-2020
BCW-000541_01962_6	18b08ef9b25389bbb054eaac15d9ac7e	329	SUPERFAMILY	SSF47413		1	60	3.75E-16	T	12-04-2020	IPR010982	Lambda repressor-like, DNA-binding domain superfamily	GO:0003677
BCW-000541_01962_6	18b08ef9b25389bbb054eaac15d9ac7e	329	Gene3D	G3DSA:3.40.50.2300		165	324	3.3E-54	T	12-04-2020
BCW-000541_01962_6	18b08ef9b25389bbb054eaac15d9ac7e	329	Gene3D	G3DSA:3.40.50.2300		82	318	3.3E-54	T	12-04-2020
BCW-000541_01962_6	18b08ef9b25389bbb054eaac15d9ac7e	329	ProSiteProfiles	PS50932	LacI-type HTH domain profile.	4	58	28.643	T	12-04-2020	IPR000843	LacI-type HTH domain	GO:0003677|GO:0006355
BCW-000541_01962_6	18b08ef9b25389bbb054eaac15d9ac7e	329	PANTHER	PTHR30146		1	326	7.1E-75	T	12-04-2020
BCW-200128_01264_2	44ce5bf95aaec0bd0eee12e1f96212f6	77	Gene3D	G3DSA:3.40.930.10		1	74	3.5E-6	T	12-04-2020	IPR016152	Phosphotransferase/anion transporter	
BCW-200128_01264_2	44ce5bf95aaec0bd0eee12e1f96212f6	77	Pfam	PF00359	Phosphoenolpyruvate-dependent sugar phosphotransferase system, EIIA 2	2	73	6.2E-8	T	12-04-2020	IPR002178	PTS EIIA type-2 domain	
BCW-200128_01264_2	44ce5bf95aaec0bd0eee12e1f96212f6	77	ProSiteProfiles	PS51094	PTS_EIIA type-2 domain profile.	1	77	13.226	T	12-04-2020	IPR002178	PTS EIIA type-2 domain	
BCW-200128_01264_2	44ce5bf95aaec0bd0eee12e1f96212f6	77	SUPERFAMILY	SSF55804		2	75	2.27E-9	T	12-04-2020	IPR016152	Phosphotransferase/anion transporter	
BCW-000631_02411_3	89fb12d6d11c6a5f89a35a91009b3d1a	55	MobiDBLite	mobidb-lite	consensus disorder prediction	12	40	-	T	12-04-2020
BCW-000631_02411_3	89fb12d6d11c6a5f89a35a91009b3d1a	55	MobiDBLite	mobidb-lite	consensus disorder prediction	12	55	-	T	12-04-2020
BCW-000212_01477_3	29b3aec9ccee0571d8ad38eb20897352	97	SUPERFAMILY	SSF56349		40	95	2.65E-9	T	12-04-2020	IPR011010	DNA breaking-rejoining enzyme, catalytic core	GO:0003677
BCW-000212_01477_3	29b3aec9ccee0571d8ad38eb20897352	97	PANTHER	PTHR30349:SF17		45	95	2.8E-12	T	12-04-2020
BCW-000212_01477_3	29b3aec9ccee0571d8ad38eb20897352	97	PANTHER	PTHR30349		45	95	2.8E-12	T	12-04-2020
BCW-000212_01477_3	29b3aec9ccee0571d8ad38eb20897352	97	Pfam	PF00589	Phage integrase family	26	95	2.7E-8	T	12-04-2020	IPR002104	Integrase, catalytic domain	GO:0003677|GO:0006310|GO:0015074
BCW-000212_01477_3	29b3aec9ccee0571d8ad38eb20897352	97	Gene3D	G3DSA:1.10.443.10		24	96	1.3E-12	T	12-04-2020	IPR013762	Integrase-like, catalytic domain superfamily	GO:0003677|GO:0006310|GO:0015074
BCW-200051_00188_5	132a66f5e7a3d938e44e377d6d757be9	249	PANTHER	PTHR44846		14	245	3.1E-48	T	12-04-2020
BCW-200051_00188_5	132a66f5e7a3d938e44e377d6d757be9	249	Pfam	PF07702	UTRA domain	103	239	8.9E-30	T	12-04-2020	IPR011663	UbiC transcription regulator-associated	GO:0003677|GO:0006355
BCW-200051_00188_5	132a66f5e7a3d938e44e377d6d757be9	249	SUPERFAMILY	SSF46785		13	80	5.08E-16	T	12-04-2020	IPR036390	Winged helix DNA-binding domain superfamily	
BCW-200051_00188_5	132a66f5e7a3d938e44e377d6d757be9	249	CDD	cd07377	WHTH_GntR	15	79	3.19349E-20	T	12-04-2020	IPR000524	Transcription regulator HTH, GntR	GO:0003700|GO:0006355
BCW-200051_00188_5	132a66f5e7a3d938e44e377d6d757be9	249	Gene3D	G3DSA:3.40.1410.10		96	245	9.3E-32	T	12-04-2020	IPR028978	Chorismate pyruvate-lyase/UbiC transcription regulator-associated domain superfamily	
BCW-200051_00188_5	132a66f5e7a3d938e44e377d6d757be9	249	SUPERFAMILY	SSF64288		66	246	5.18E-33	T	12-04-2020	IPR028978	Chorismate pyruvate-lyase/UbiC transcription regulator-associated domain superfamily	
BCW-200051_00188_5	132a66f5e7a3d938e44e377d6d757be9	249	Gene3D	G3DSA:1.10.10.10		14	95	6.3E-19	T	12-04-2020	IPR036388	Winged helix-like DNA-binding domain superfamily	
BCW-200051_00188_5	132a66f5e7a3d938e44e377d6d757be9	249	Pfam	PF00392	Bacterial regulatory proteins, gntR family	15	78	5.9E-18	T	12-04-2020	IPR000524	Transcription regulator HTH, GntR	GO:0003700|GO:0006355
BCW-200051_00188_5	132a66f5e7a3d938e44e377d6d757be9	249	SMART	SM00866		102	240	2.5E-26	T	12-04-2020	IPR011663	UbiC transcription regulator-associated	GO:0003677|GO:0006355
BCW-200051_00188_5	132a66f5e7a3d938e44e377d6d757be9	249	ProSiteProfiles	PS50949	GntR-type HTH domain profile.	13	81	19.922	T	12-04-2020	IPR000524	Transcription regulator HTH, GntR	GO:0003700|GO:0006355
BCW-200051_00188_5	132a66f5e7a3d938e44e377d6d757be9	249	PRINTS	PR00035	GntR bacterial regulatory protein HTH signature	52	68	2.7E-6	T	12-04-2020	IPR000524	Transcription regulator HTH, GntR	GO:0003700|GO:0006355
BCW-200051_00188_5	132a66f5e7a3d938e44e377d6d757be9	249	PRINTS	PR00035	GntR bacterial regulatory protein HTH signature	38	52	2.7E-6	T	12-04-2020	IPR000524	Transcription regulator HTH, GntR	GO:0003700|GO:0006355
BCW-200051_00188_5	132a66f5e7a3d938e44e377d6d757be9	249	SMART	SM00345		19	78	9.6E-17	T	12-04-2020	IPR000524	Transcription regulator HTH, GntR	GO:0003700|GO:0006355
BCW-200051_00188_5	132a66f5e7a3d938e44e377d6d757be9	249	PANTHER	PTHR44846:SF1		14	245	3.1E-48	T	12-04-2020
BCW-200158_00214_4	d8e002b7b039a6189ddbe2834403a9d9	217	Gene3D	G3DSA:3.90.870.10		1	209	1.5E-73	T	12-04-2020
BCW-200158_00214_4	d8e002b7b039a6189ddbe2834403a9d9	217	PANTHER	PTHR21327:SF18		3	206	1.7E-77	T	12-04-2020
BCW-200158_00214_4	d8e002b7b039a6189ddbe2834403a9d9	217	TIGRFAM	TIGR00506	ribB: 3,4-dihydroxy-2-butanone-4-phosphate synthase	3	200	1.9E-64	T	12-04-2020	IPR000422	3,4-dihydroxy-2-butanone 4-phosphate synthase, RibB	GO:0008686|GO:0009231
BCW-200158_00214_4	d8e002b7b039a6189ddbe2834403a9d9	217	Pfam	PF00926	3,4-dihydroxy-2-butanone 4-phosphate synthase	6	200	3.8E-70	T	12-04-2020	IPR000422	3,4-dihydroxy-2-butanone 4-phosphate synthase, RibB	GO:0008686|GO:0009231
BCW-200158_00214_4	d8e002b7b039a6189ddbe2834403a9d9	217	PANTHER	PTHR21327		3	206	1.7E-77	T	12-04-2020
BCW-200158_00214_4	d8e002b7b039a6189ddbe2834403a9d9	217	SUPERFAMILY	SSF55821		3	204	1.28E-69	T	12-04-2020	IPR017945	DHBP synthase RibB-like alpha/beta domain superfamily	
BCW-200051_00006_2	3502d8dae185d33dddc2ef857141d6eb	26	MobiDBLite	mobidb-lite	consensus disorder prediction	1	26	-	T	12-04-2020
BCW-200051_00006_2	3502d8dae185d33dddc2ef857141d6eb	26	MobiDBLite	mobidb-lite	consensus disorder prediction	1	15	-	T	12-04-2020
BCW-000212_01148_6	1bfc8fc14eafa115f147305a8831307e	479	SUPERFAMILY	SSF54001		215	353	2.39E-7	T	12-04-2020	IPR038765	Papain-like cysteine peptidase superfamily	
BCW-000212_01148_6	1bfc8fc14eafa115f147305a8831307e	479	Gene3D	G3DSA:3.10.620.30		177	371	6.7E-7	T	12-04-2020
BCW-200077_00120_2	9d140d8403fb390f1eec4ae72502e3f0	78	SUPERFAMILY	SSF47336		5	77	1.44E-15	T	12-04-2020	IPR036736	ACP-like superfamily	
BCW-200077_00120_2	9d140d8403fb390f1eec4ae72502e3f0	78	Pfam	PF00550	Phosphopantetheine attachment site	5	71	2.6E-12	T	12-04-2020	IPR009081	Phosphopantetheine binding ACP domain	
BCW-200077_00120_2	9d140d8403fb390f1eec4ae72502e3f0	78	Gene3D	G3DSA:1.10.1200.10		4	77	9.3E-18	T	12-04-2020	IPR036736	ACP-like superfamily	
BCW-200077_00120_2	9d140d8403fb390f1eec4ae72502e3f0	78	ProSiteProfiles	PS50075	Carrier protein (CP) domain profile.	1	77	15.581	T	12-04-2020	IPR009081	Phosphopantetheine binding ACP domain	
BCW-200077_00120_2	9d140d8403fb390f1eec4ae72502e3f0	78	PANTHER	PTHR20863:SF38		6	75	6.8E-13	T	12-04-2020
BCW-200077_00120_2	9d140d8403fb390f1eec4ae72502e3f0	78	PANTHER	PTHR20863		6	75	6.8E-13	T	12-04-2020
BCW-200077_00120_2	9d140d8403fb390f1eec4ae72502e3f0	78	ProDom	PD000887	CARRIER ACYL PHOSPHOPANTETHEINE ACP ACID FATTY BIOSYNTHESIS LIPID SYNTHESIS CHLOROPLAST	32	73	0.006	T	12-04-2020	IPR003231	Acyl carrier protein (ACP)	GO:0006633
BCW-200077_00120_2	9d140d8403fb390f1eec4ae72502e3f0	78	ProSitePatterns	PS00012	Phosphopantetheine attachment site.	30	45	-	T	12-04-2020	IPR006162	Phosphopantetheine attachment site	
BCW-200128_01240_1	54213bf0fb7d241f7b2a67184bf6186d	112	ProSiteProfiles	PS50943	Cro/C1-type HTH domain profile.	11	64	10.43	T	12-04-2020	IPR001387	Cro/C1-type helix-turn-helix domain	GO:0043565
BCW-200128_01240_1	54213bf0fb7d241f7b2a67184bf6186d	112	CDD	cd00093	HTH_XRE	8	64	5.80917E-6	T	12-04-2020	IPR001387	Cro/C1-type helix-turn-helix domain	GO:0043565
BCW-200128_01240_1	54213bf0fb7d241f7b2a67184bf6186d	112	Gene3D	G3DSA:1.10.260.40		6	112	3.0E-9	T	12-04-2020
BCW-200128_01240_1	54213bf0fb7d241f7b2a67184bf6186d	112	SUPERFAMILY	SSF47413		2	68	7.82E-7	T	12-04-2020	IPR010982	Lambda repressor-like, DNA-binding domain superfamily	GO:0003677
BCW-200128_01240_1	54213bf0fb7d241f7b2a67184bf6186d	112	Pfam	PF01381	Helix-turn-helix	17	64	1.9E-6	T	12-04-2020	IPR001387	Cro/C1-type helix-turn-helix domain	GO:0043565
BCW-200077_00121_13	42d581c6e0668cd221c06d0fda39ac3e	478	Gene3D	G3DSA:3.40.50.12780		6	381	1.6E-72	T	12-04-2020
BCW-200077_00121_13	42d581c6e0668cd221c06d0fda39ac3e	478	Gene3D	G3DSA:3.30.300.30		382	477	5.6E-11	T	12-04-2020
BCW-200077_00121_13	42d581c6e0668cd221c06d0fda39ac3e	478	Pfam	PF00501	AMP-binding enzyme	15	387	1.5E-64	T	12-04-2020	IPR000873	AMP-dependent synthetase/ligase	GO:0003824
BCW-200077_00121_13	42d581c6e0668cd221c06d0fda39ac3e	478	PANTHER	PTHR43201		17	475	3.9E-71	T	12-04-2020
BCW-200077_00121_13	42d581c6e0668cd221c06d0fda39ac3e	478	ProSitePatterns	PS00455	Putative AMP-binding domain signature.	140	151	-	T	12-04-2020	IPR020845	AMP-binding, conserved site	
BCW-200077_00121_13	42d581c6e0668cd221c06d0fda39ac3e	478	SUPERFAMILY	SSF56801		20	474	1.7E-90	T	12-04-2020
BCW-000212_01874_8	24075f9cda0f59c55b20ae39f3ca89bd	359	Pfam	PF14659	Phage integrase, N-terminal SAM-like domain	63	119	1.3E-17	T	12-04-2020	IPR004107	Integrase, SAM-like, N-terminal	GO:0003677|GO:0015074
BCW-000212_01874_8	24075f9cda0f59c55b20ae39f3ca89bd	359	SUPERFAMILY	SSF56349		62	348	2.38E-60	T	12-04-2020	IPR011010	DNA breaking-rejoining enzyme, catalytic core	GO:0003677
BCW-000212_01874_8	24075f9cda0f59c55b20ae39f3ca89bd	359	Gene3D	G3DSA:1.10.443.10		167	355	2.5E-42	T	12-04-2020	IPR013762	Integrase-like, catalytic domain superfamily	GO:0003677|GO:0006310|GO:0015074
BCW-000212_01874_8	24075f9cda0f59c55b20ae39f3ca89bd	359	Pfam	PF14657	Arm DNA-binding domain	15	56	9.0E-8	T	12-04-2020	IPR028259	AP2-like integrase, N-terminal domain	
BCW-000212_01874_8	24075f9cda0f59c55b20ae39f3ca89bd	359	Pfam	PF00589	Phage integrase family	171	342	1.4E-27	T	12-04-2020	IPR002104	Integrase, catalytic domain	GO:0003677|GO:0006310|GO:0015074
BCW-000212_01874_8	24075f9cda0f59c55b20ae39f3ca89bd	359	PANTHER	PTHR30349:SF55		7	343	1.2E-40	T	12-04-2020
BCW-000212_01874_8	24075f9cda0f59c55b20ae39f3ca89bd	359	CDD	cd01189	INT_ICEBs1_C_like	173	340	8.93236E-37	T	12-04-2020
BCW-000212_01874_8	24075f9cda0f59c55b20ae39f3ca89bd	359	Gene3D	G3DSA:1.10.150.130		58	166	2.3E-21	T	12-04-2020	IPR010998	Integrase/recombinase, N-terminal	
BCW-000212_01874_8	24075f9cda0f59c55b20ae39f3ca89bd	359	PANTHER	PTHR30349		7	343	1.2E-40	T	12-04-2020
BCW-200051_01325_4	526df7a270a223dca7383cb09dbcde95	546	Pfam	PF06458	MucBP domain	400	467	6.0E-13	T	12-04-2020	IPR009459	MucBP domain	
BCW-200051_01325_4	526df7a270a223dca7383cb09dbcde95	546	Pfam	PF06458	MucBP domain	328	392	1.1E-14	T	12-04-2020	IPR009459	MucBP domain	
BCW-200051_01325_4	526df7a270a223dca7383cb09dbcde95	546	ProSiteProfiles	PS50847	Gram-positive cocci surface proteins LPxTG motif profile.	510	546	9.042	T	12-04-2020
BCW-200051_01325_4	526df7a270a223dca7383cb09dbcde95	546	Pfam	PF00746	LPXTG cell wall anchor motif	503	545	3.0E-5	T	12-04-2020	IPR019948	Gram-positive LPXTG cell wall anchor	
BCW-200051_01325_4	526df7a270a223dca7383cb09dbcde95	546	Gene3D	G3DSA:3.10.20.320		398	480	1.3E-17	T	12-04-2020
BCW-200051_01325_4	526df7a270a223dca7383cb09dbcde95	546	Gene3D	G3DSA:3.10.20.320		322	397	2.5E-21	T	12-04-2020
BCW-200051_01325_4	526df7a270a223dca7383cb09dbcde95	546	MobiDBLite	mobidb-lite	consensus disorder prediction	471	512	-	T	12-04-2020
BCW-000271_01309_11	5e2dd93cc2a1de2256322e6b361c12fc	636	SUPERFAMILY	SSF55604		7	81	4.05E-21	T	12-04-2020	IPR036878	Glucose permease domain IIB	GO:0008982|GO:0009401
BCW-000271_01309_11	5e2dd93cc2a1de2256322e6b361c12fc	636	TIGRFAM	TIGR00830	PTBA: PTS system, glucose subfamily, IIA component	479	599	2.4E-42	T	12-04-2020	IPR001127	Phosphotransferase system, sugar-specific permease EIIA type 1	GO:0009401
BCW-000271_01309_11	5e2dd93cc2a1de2256322e6b361c12fc	636	ProSiteProfiles	PS51093	PTS_EIIA type-1 domain profile.	495	599	27.953	T	12-04-2020	IPR001127	Phosphotransferase system, sugar-specific permease EIIA type 1	GO:0009401
BCW-000271_01309_11	5e2dd93cc2a1de2256322e6b361c12fc	636	PANTHER	PTHR30175		1	623	3.8E-185	T	12-04-2020
BCW-000271_01309_11	5e2dd93cc2a1de2256322e6b361c12fc	636	TIGRFAM	TIGR01995	PTS-II-ABC-beta: PTS system, beta-glucoside-specific IIABC component	4	623	8.2E-200	T	12-04-2020	IPR011297	Phosphotransferase system, beta-glucoside-specific IIABC component	GO:0005886|GO:0008982|GO:0009401
BCW-000271_01309_11	5e2dd93cc2a1de2256322e6b361c12fc	636	ProSitePatterns	PS01035	PTS EIIB domains cysteine phosphorylation site signature.	20	37	-	T	12-04-2020	IPR018113	Phosphotransferase system EIIB, cysteine phosphorylation site	GO:0008982
BCW-000271_01309_11	5e2dd93cc2a1de2256322e6b361c12fc	636	PANTHER	PTHR30175:SF1		1	623	3.8E-185	T	12-04-2020
BCW-000271_01309_11	5e2dd93cc2a1de2256322e6b361c12fc	636	ProSiteProfiles	PS51103	PTS_EIIC type-1 domain profile.	103	469	53.189	T	12-04-2020	IPR013013	Phosphotransferase system, EIIC component, type 1	
BCW-000271_01309_11	5e2dd93cc2a1de2256322e6b361c12fc	636	ProSitePatterns	PS00371	PTS EIIA domains phosphorylation site signature 1.	541	553	-	T	12-04-2020	IPR001127	Phosphotransferase system, sugar-specific permease EIIA type 1	GO:0009401
BCW-000271_01309_11	5e2dd93cc2a1de2256322e6b361c12fc	636	Gene3D	G3DSA:3.30.1360.60		1	78	2.6E-27	T	12-04-2020	IPR036878	Glucose permease domain IIB	GO:0008982|GO:0009401
BCW-000271_01309_11	5e2dd93cc2a1de2256322e6b361c12fc	636	Pfam	PF02378	Phosphotransferase system, EIIC	107	395	1.6E-25	T	12-04-2020	IPR003352	Phosphotransferase system, EIIC	GO:0008982|GO:0009401|GO:0016020
BCW-000271_01309_11	5e2dd93cc2a1de2256322e6b361c12fc	636	SUPERFAMILY	SSF51261		469	622	8.02E-53	T	12-04-2020	IPR011055	Duplicated hybrid motif	
BCW-000271_01309_11	5e2dd93cc2a1de2256322e6b361c12fc	636	ProSiteProfiles	PS51098	PTS_EIIB type-1 domain profile.	5	87	22.51	T	12-04-2020	IPR001996	Phosphotransferase system, IIB component, type 1	GO:0008982|GO:0009401
BCW-000271_01309_11	5e2dd93cc2a1de2256322e6b361c12fc	636	Gene3D	G3DSA:2.70.70.10		467	624	6.2E-54	T	12-04-2020	IPR011055	Duplicated hybrid motif	
BCW-000271_01309_11	5e2dd93cc2a1de2256322e6b361c12fc	636	CDD	cd00212	PTS_IIB_glc	5	82	1.42056E-30	T	12-04-2020	IPR018113	Phosphotransferase system EIIB, cysteine phosphorylation site	GO:0008982
BCW-000271_01309_11	5e2dd93cc2a1de2256322e6b361c12fc	636	Pfam	PF00358	phosphoenolpyruvate-dependent sugar phosphotransferase system, EIIA 1	478	602	1.1E-48	T	12-04-2020	IPR001127	Phosphotransferase system, sugar-specific permease EIIA type 1	GO:0009401
BCW-000271_01309_11	5e2dd93cc2a1de2256322e6b361c12fc	636	Pfam	PF00367	phosphotransferase system, EIIB	9	42	4.5E-14	T	12-04-2020	IPR018113	Phosphotransferase system EIIB, cysteine phosphorylation site	GO:0008982
BCW-200188_00312_4	793dc21ddad5a2bb027d28bb3562b47c	323	CDD	cd01166	KdgK	3	300	1.78086E-100	T	12-04-2020
BCW-200188_00312_4	793dc21ddad5a2bb027d28bb3562b47c	323	Gene3D	G3DSA:3.40.1190.20		1	316	3.5E-84	T	12-04-2020	IPR029056	Ribokinase-like	
BCW-200188_00312_4	793dc21ddad5a2bb027d28bb3562b47c	323	Pfam	PF00294	pfkB family carbohydrate kinase	20	305	2.1E-57	T	12-04-2020	IPR011611	Carbohydrate kinase PfkB	
BCW-200188_00312_4	793dc21ddad5a2bb027d28bb3562b47c	323	PANTHER	PTHR43320:SF2		2	309	5.8E-71	T	12-04-2020
BCW-200188_00312_4	793dc21ddad5a2bb027d28bb3562b47c	323	SUPERFAMILY	SSF53613		1	313	9.67E-76	T	12-04-2020	IPR029056	Ribokinase-like	
BCW-200188_00312_4	793dc21ddad5a2bb027d28bb3562b47c	323	PANTHER	PTHR43320		2	309	5.8E-71	T	12-04-2020
BCW-200188_01736_2	563e9fc8dc1d23153b014001bd274814	161	Pfam	PF04101	Glycosyltransferase family 28 C-terminal domain	1	117	1.6E-17	T	12-04-2020	IPR007235	Glycosyl transferase, family 28, C-terminal	GO:0016758
BCW-200188_01736_2	563e9fc8dc1d23153b014001bd274814	161	SUPERFAMILY	SSF53756		33	123	3.64E-6	T	12-04-2020
BCW-200188_01736_2	563e9fc8dc1d23153b014001bd274814	161	Gene3D	G3DSA:3.40.50.2000		1	157	3.8E-18	T	12-04-2020
BCW-200077_00475_4	3ff0bfc0363088615f200b07f0ab2e7c	251	SUPERFAMILY	SSF51306		123	243	3.14E-13	T	12-04-2020	IPR036286	LexA/Signal peptidase-like superfamily	
BCW-200077_00475_4	3ff0bfc0363088615f200b07f0ab2e7c	251	ProSiteProfiles	PS50943	Cro/C1-type HTH domain profile.	7	62	14.969	T	12-04-2020	IPR001387	Cro/C1-type helix-turn-helix domain	GO:0043565
BCW-200077_00475_4	3ff0bfc0363088615f200b07f0ab2e7c	251	Pfam	PF01381	Helix-turn-helix	7	62	2.2E-10	T	12-04-2020	IPR001387	Cro/C1-type helix-turn-helix domain	GO:0043565
BCW-200077_00475_4	3ff0bfc0363088615f200b07f0ab2e7c	251	CDD	cd06529	S24_LexA-like	150	241	4.11712E-8	T	12-04-2020	IPR039418	LexA-like	
BCW-200077_00475_4	3ff0bfc0363088615f200b07f0ab2e7c	251	Gene3D	G3DSA:2.10.109.10		121	249	1.3E-6	T	12-04-2020
BCW-200077_00475_4	3ff0bfc0363088615f200b07f0ab2e7c	251	Gene3D	G3DSA:1.10.260.40		1	67	7.6E-20	T	12-04-2020
BCW-200077_00475_4	3ff0bfc0363088615f200b07f0ab2e7c	251	CDD	cd00093	HTH_XRE	5	62	9.45276E-13	T	12-04-2020	IPR001387	Cro/C1-type helix-turn-helix domain	GO:0043565
BCW-200077_00475_4	3ff0bfc0363088615f200b07f0ab2e7c	251	PANTHER	PTHR40661		1	242	9.7E-18	T	12-04-2020
BCW-200077_00475_4	3ff0bfc0363088615f200b07f0ab2e7c	251	SMART	SM00530		6	62	1.7E-10	T	12-04-2020	IPR001387	Cro/C1-type helix-turn-helix domain	GO:0043565
BCW-200077_00475_4	3ff0bfc0363088615f200b07f0ab2e7c	251	SUPERFAMILY	SSF47413		1	68	4.22E-14	T	12-04-2020	IPR010982	Lambda repressor-like, DNA-binding domain superfamily	GO:0003677
BCW-200128_01243_3	eb5069a912c7a50f3c3dccea83c7091d	101	ProSiteProfiles	PS50847	Gram-positive cocci surface proteins LPxTG motif profile.	66	101	8.677	T	12-04-2020
BCW-200128_01243_3	eb5069a912c7a50f3c3dccea83c7091d	101	TIGRFAM	TIGR01167	LPXTG_anchor: LPXTG cell wall anchor domain	66	100	8.3E-5	T	12-04-2020
BCW-000271_01119_2	d098e5842cef6c3b4c7c02a79cef7a5f	166	CDD	cd04301	NAT_SF	58	122	6.5703E-5	T	12-04-2020
BCW-000271_01119_2	d098e5842cef6c3b4c7c02a79cef7a5f	166	SUPERFAMILY	SSF55729		3	152	3.19E-18	T	12-04-2020	IPR016181	Acyl-CoA N-acyltransferase	
BCW-000271_01119_2	d098e5842cef6c3b4c7c02a79cef7a5f	166	ProSiteProfiles	PS51186	Gcn5-related N-acetyltransferase (GNAT) domain profile.	3	165	14.227	T	12-04-2020	IPR000182	GNAT domain	
BCW-000271_01119_2	d098e5842cef6c3b4c7c02a79cef7a5f	166	Gene3D	G3DSA:3.40.630.30		2	149	3.1E-17	T	12-04-2020
BCW-000271_01119_2	d098e5842cef6c3b4c7c02a79cef7a5f	166	Pfam	PF00583	Acetyltransferase (GNAT) family	56	140	1.2E-8	T	12-04-2020	IPR000182	GNAT domain	
BCW-200158_00225_6	cf926466ac388aab86140dde7f6fe213	335	Pfam	PF13280	WYL domain	161	328	3.2E-26	T	12-04-2020	IPR026881	WYL domain	
BCW-200158_00225_6	cf926466ac388aab86140dde7f6fe213	335	PIRSF	PIRSF016838		22	331	1.6E-21	T	12-04-2020	IPR028349	Protein PafC	
BCW-200158_00225_6	cf926466ac388aab86140dde7f6fe213	335	Pfam	PF08279	HTH domain	29	80	1.3E-12	T	12-04-2020	IPR013196	Helix-turn-helix, type 11	
BCW-200158_00225_6	cf926466ac388aab86140dde7f6fe213	335	Gene3D	G3DSA:1.10.10.10		15	85	1.1E-12	T	12-04-2020	IPR036388	Winged helix-like DNA-binding domain superfamily	
BCW-200158_00225_6	cf926466ac388aab86140dde7f6fe213	335	PANTHER	PTHR30595		25	334	2.2E-89	T	12-04-2020
BCW-200158_00225_6	cf926466ac388aab86140dde7f6fe213	335	ProSiteProfiles	PS51000	DeoR-type HTH domain profile.	26	81	11.338	T	12-04-2020	IPR001034	DeoR-type HTH domain	GO:0003700|GO:0005622|GO:0006355
BCW-200158_00225_6	cf926466ac388aab86140dde7f6fe213	335	SUPERFAMILY	SSF46785		27	81	1.54E-8	T	12-04-2020	IPR036390	Winged helix DNA-binding domain superfamily	
BCW-200158_00225_6	cf926466ac388aab86140dde7f6fe213	335	PANTHER	PTHR30595:SF3		25	334	2.2E-89	T	12-04-2020
BCW-000212_01571_2	4f799b706fc5a087b0a0e86818ddb4be	102	Gene3D	G3DSA:3.40.250.10		8	98	9.7E-28	T	12-04-2020	IPR036873	Rhodanese-like domain superfamily	
BCW-000212_01571_2	4f799b706fc5a087b0a0e86818ddb4be	102	CDD	cd00158	RHOD	21	97	8.93288E-30	T	12-04-2020
BCW-000212_01571_2	4f799b706fc5a087b0a0e86818ddb4be	102	Pfam	PF00581	Rhodanese-like domain	12	97	5.5E-17	T	12-04-2020	IPR001763	Rhodanese-like domain	
BCW-000212_01571_2	4f799b706fc5a087b0a0e86818ddb4be	102	SUPERFAMILY	SSF52821		4	98	7.46E-30	T	12-04-2020	IPR036873	Rhodanese-like domain superfamily	
BCW-000212_01571_2	4f799b706fc5a087b0a0e86818ddb4be	102	ProSiteProfiles	PS50206	Rhodanese domain profile.	20	101	19.864	T	12-04-2020	IPR001763	Rhodanese-like domain	
BCW-000212_01571_2	4f799b706fc5a087b0a0e86818ddb4be	102	PANTHER	PTHR43031		11	95	1.1E-19	T	12-04-2020
BCW-000212_01571_2	4f799b706fc5a087b0a0e86818ddb4be	102	SMART	SM00450		11	102	3.3E-20	T	12-04-2020	IPR001763	Rhodanese-like domain	
BCW-000212_01131_14	628107f86510ab7b183f4fac274a74a0	454	PANTHER	PTHR30175		4	452	6.9E-158	T	12-04-2020
BCW-000212_01131_14	628107f86510ab7b183f4fac274a74a0	454	ProSitePatterns	PS01035	PTS EIIB domains cysteine phosphorylation site signature.	22	39	-	T	12-04-2020	IPR018113	Phosphotransferase system EIIB, cysteine phosphorylation site	GO:0008982
BCW-000212_01131_14	628107f86510ab7b183f4fac274a74a0	454	ProSiteProfiles	PS51098	PTS_EIIB type-1 domain profile.	7	89	20.053	T	12-04-2020	IPR001996	Phosphotransferase system, IIB component, type 1	GO:0008982|GO:0009401
BCW-000212_01131_14	628107f86510ab7b183f4fac274a74a0	454	Pfam	PF00367	phosphotransferase system, EIIB	11	44	2.2E-10	T	12-04-2020	IPR018113	Phosphotransferase system EIIB, cysteine phosphorylation site	GO:0008982
BCW-000212_01131_14	628107f86510ab7b183f4fac274a74a0	454	Gene3D	G3DSA:3.30.1360.60		2	80	1.0E-19	T	12-04-2020	IPR036878	Glucose permease domain IIB	GO:0008982|GO:0009401
BCW-000212_01131_14	628107f86510ab7b183f4fac274a74a0	454	Pfam	PF02378	Phosphotransferase system, EIIC	128	410	1.9E-31	T	12-04-2020	IPR003352	Phosphotransferase system, EIIC	GO:0008982|GO:0009401|GO:0016020
BCW-000212_01131_14	628107f86510ab7b183f4fac274a74a0	454	PANTHER	PTHR30175:SF3		4	452	6.9E-158	T	12-04-2020
BCW-000212_01131_14	628107f86510ab7b183f4fac274a74a0	454	CDD	cd00212	PTS_IIB_glc	9	84	4.23989E-23	T	12-04-2020	IPR018113	Phosphotransferase system EIIB, cysteine phosphorylation site	GO:0008982
BCW-000212_01131_14	628107f86510ab7b183f4fac274a74a0	454	ProSiteProfiles	PS51103	PTS_EIIC type-1 domain profile.	125	454	30.238	T	12-04-2020	IPR013013	Phosphotransferase system, EIIC component, type 1	
BCW-000212_01131_14	628107f86510ab7b183f4fac274a74a0	454	SUPERFAMILY	SSF55604		9	83	1.44E-16	T	12-04-2020	IPR036878	Glucose permease domain IIB	GO:0008982|GO:0009401
BCW-200163_01831_5	b537e73186cfc41201482f5e7a0acd0d	90	MobiDBLite	mobidb-lite	consensus disorder prediction	72	90	-	T	12-04-2020
BCW-200163_01831_5	b537e73186cfc41201482f5e7a0acd0d	90	MobiDBLite	mobidb-lite	consensus disorder prediction	67	90	-	T	12-04-2020
BCW-200163_01831_5	b537e73186cfc41201482f5e7a0acd0d	90	Pfam	PF06488	Phage tail tube protein	37	90	3.8E-6	T	12-04-2020	IPR010517	Phage tail tube protein, Siphoviridae	
BCW-200163_01831_5	b537e73186cfc41201482f5e7a0acd0d	90	MobiDBLite	mobidb-lite	consensus disorder prediction	1	43	-	T	12-04-2020
BCW-000212_00529_4	cb31f209ae12e30a527cc9063cd9a637	311	Gene3D	G3DSA:1.10.443.10		112	299	2.3E-36	T	12-04-2020	IPR013762	Integrase-like, catalytic domain superfamily	GO:0003677|GO:0006310|GO:0015074
BCW-000212_00529_4	cb31f209ae12e30a527cc9063cd9a637	311	Pfam	PF13495	Phage integrase, N-terminal SAM-like domain	7	91	2.2E-7	T	12-04-2020	IPR004107	Integrase, SAM-like, N-terminal	GO:0003677|GO:0015074
BCW-000212_00529_4	cb31f209ae12e30a527cc9063cd9a637	311	PANTHER	PTHR30349		12	289	1.2E-35	T	12-04-2020
BCW-000212_00529_4	cb31f209ae12e30a527cc9063cd9a637	311	Pfam	PF00589	Phage integrase family	115	292	1.8E-25	T	12-04-2020	IPR002104	Integrase, catalytic domain	GO:0003677|GO:0006310|GO:0015074
BCW-000212_00529_4	cb31f209ae12e30a527cc9063cd9a637	311	SUPERFAMILY	SSF56349		2	292	1.44E-43	T	12-04-2020	IPR011010	DNA breaking-rejoining enzyme, catalytic core	GO:0003677
BCW-000212_00529_4	cb31f209ae12e30a527cc9063cd9a637	311	PANTHER	PTHR30349:SF17		12	289	1.2E-35	T	12-04-2020
BCW-000212_00529_4	cb31f209ae12e30a527cc9063cd9a637	311	Gene3D	G3DSA:1.10.150.130		1	110	1.2E-13	T	12-04-2020	IPR010998	Integrase/recombinase, N-terminal	
BCW-200128_01241_4	2514d85e442c67115f738768083f8fa9	340	Coils	Coil		328	340	-	T	12-04-2020
BCW-200128_01241_4	2514d85e442c67115f738768083f8fa9	340	Pfam	PF11797	Protein of unknown function C-terminal (DUF3324)	160	296	8.3E-50	T	12-04-2020	IPR021759	Domain of unknown function DUF3324, C-terminal	
BCW-200128_01241_4	2514d85e442c67115f738768083f8fa9	340	Pfam	PF06030	Bacterial protein of unknown function (DUF916)	30	149	2.5E-43	T	12-04-2020	IPR010317	Protein of unknown function DUF916, cell surface putative	
BCW-200051_00193_6	66e232f13973001f2e48ba77d14b2c6c	426	PANTHER	PTHR33989		3	425	7.0E-117	T	12-04-2020
BCW-200051_00193_6	66e232f13973001f2e48ba77d14b2c6c	426	PIRSF	PIRSF006351		1	426	4.9E-138	T	12-04-2020	IPR004796	Phosphotransferase system, cellobiose-type IIC component	GO:0008982|GO:0009401|GO:0016021
BCW-200051_00193_6	66e232f13973001f2e48ba77d14b2c6c	426	ProSiteProfiles	PS51105	PTS_EIIC type-3 domain profile.	5	411	56.246	T	12-04-2020	IPR004501	Phosphotransferase system, EIIC component, type 3	GO:0008982|GO:0009401|GO:0016021
BCW-200051_00193_6	66e232f13973001f2e48ba77d14b2c6c	426	Pfam	PF02378	Phosphotransferase system, EIIC	26	349	9.1E-53	T	12-04-2020	IPR003352	Phosphotransferase system, EIIC	GO:0008982|GO:0009401|GO:0016020
BCW-200051_00193_6	66e232f13973001f2e48ba77d14b2c6c	426	TIGRFAM	TIGR00410	lacE: PTS system, lactose/cellobiose family IIC component	12	425	2.5E-108	T	12-04-2020	IPR004501	Phosphotransferase system, EIIC component, type 3	GO:0008982|GO:0009401|GO:0016021
BCW-200128_01084_6	4f37c9076f17ac35289d72ccd86561bc	342	PANTHER	PTHR37293:SF5		4	300	1.7E-38	T	12-04-2020
BCW-200128_01084_6	4f37c9076f17ac35289d72ccd86561bc	342	Pfam	PF07261	Replication initiation and membrane attachment	219	286	1.5E-12	T	12-04-2020	IPR006343	DnaD domain	
BCW-200128_01084_6	4f37c9076f17ac35289d72ccd86561bc	342	Coils	Coil		280	300	-	T	12-04-2020
BCW-200128_01084_6	4f37c9076f17ac35289d72ccd86561bc	342	SUPERFAMILY	SSF158499		218	279	5.89E-12	T	12-04-2020	IPR034829	DnaD-like domain superfamily	
BCW-200128_01084_6	4f37c9076f17ac35289d72ccd86561bc	342	Gene3D	G3DSA:1.10.10.630		215	285	1.1E-11	T	12-04-2020	IPR034829	DnaD-like domain superfamily	
BCW-200128_01084_6	4f37c9076f17ac35289d72ccd86561bc	342	MobiDBLite	mobidb-lite	consensus disorder prediction	160	181	-	T	12-04-2020
BCW-200128_01084_6	4f37c9076f17ac35289d72ccd86561bc	342	TIGRFAM	TIGR01446	DnaD_dom: DnaD domain protein	217	285	4.7E-17	T	12-04-2020	IPR006343	DnaD domain	
BCW-200128_01084_6	4f37c9076f17ac35289d72ccd86561bc	342	PANTHER	PTHR37293		4	300	1.7E-38	T	12-04-2020
BCW-000274_01677_24	e6d90d2d39e656bdb50d512cf12af1e2	1715	Coils	Coil		517	544	-	T	12-04-2020
BCW-000274_01677_24	e6d90d2d39e656bdb50d512cf12af1e2	1715	MobiDBLite	mobidb-lite	consensus disorder prediction	1001	1024	-	T	12-04-2020
BCW-000274_01677_24	e6d90d2d39e656bdb50d512cf12af1e2	1715	Coils	Coil		489	509	-	T	12-04-2020
BCW-000274_01677_24	e6d90d2d39e656bdb50d512cf12af1e2	1715	Coils	Coil		1096	1130	-	T	12-04-2020
BCW-000274_01677_24	e6d90d2d39e656bdb50d512cf12af1e2	1715	SUPERFAMILY	SSF53955		1485	1604	1.87E-6	T	12-04-2020	IPR023346	Lysozyme-like domain superfamily	
BCW-000274_01677_24	e6d90d2d39e656bdb50d512cf12af1e2	1715	Coils	Coil		1159	1186	-	T	12-04-2020
BCW-000274_01677_24	e6d90d2d39e656bdb50d512cf12af1e2	1715	Coils	Coil		1188	1208	-	T	12-04-2020
BCW-000274_01677_24	e6d90d2d39e656bdb50d512cf12af1e2	1715	Pfam	PF10145	Phage-related minor tail protein	328	540	2.4E-26	T	12-04-2020	IPR010090	Phage tail tape measure protein	
BCW-000274_01677_24	e6d90d2d39e656bdb50d512cf12af1e2	1715	MobiDBLite	mobidb-lite	consensus disorder prediction	997	1026	-	T	12-04-2020
BCW-000274_01677_24	e6d90d2d39e656bdb50d512cf12af1e2	1715	TIGRFAM	TIGR01760	tape_meas_TP901: phage tail tape measure protein, TP901 family, core region	307	481	5.8E-21	T	12-04-2020	IPR010090	Phage tail tape measure protein	
BCW-000274_01677_24	e6d90d2d39e656bdb50d512cf12af1e2	1715	TIGRFAM	TIGR01760	tape_meas_TP901: phage tail tape measure protein, TP901 family, core region	503	683	5.7E-13	T	12-04-2020	IPR010090	Phage tail tape measure protein	
BCW-000274_01677_24	e6d90d2d39e656bdb50d512cf12af1e2	1715	Coils	Coil		1715	1715	-	T	12-04-2020
BCW-000274_01677_24	e6d90d2d39e656bdb50d512cf12af1e2	1715	CDD	cd00254	LT_GEWL	1509	1618	1.2442E-11	T	12-04-2020
BCW-000274_01677_24	e6d90d2d39e656bdb50d512cf12af1e2	1715	Coils	Coil		609	629	-	T	12-04-2020
BCW-000212_00967_2	eecf58f134d878dcc687d097560dea6d	155	ProSiteProfiles	PS51257	Prokaryotic membrane lipoprotein lipid attachment site profile.	1	20	6.0	T	12-04-2020
BCW-000212_00683_5	559f1c263b39b433a643263cabb2e946	209	PRINTS	PR01002	Flagellar protein FlgJ signature	161	180	7.6E-10	T	12-04-2020
BCW-000212_00683_5	559f1c263b39b433a643263cabb2e946	209	PRINTS	PR01002	Flagellar protein FlgJ signature	76	94	7.6E-10	T	12-04-2020
BCW-000212_00683_5	559f1c263b39b433a643263cabb2e946	209	PRINTS	PR01002	Flagellar protein FlgJ signature	181	199	7.6E-10	T	12-04-2020
BCW-000212_00683_5	559f1c263b39b433a643263cabb2e946	209	Gene3D	G3DSA:4.10.80.30		108	133	5.3E-48	T	12-04-2020
BCW-000212_00683_5	559f1c263b39b433a643263cabb2e946	209	Pfam	PF01832	Mannosyl-glycoprotein endo-beta-N-acetylglucosaminidase	63	199	1.7E-23	T	12-04-2020	IPR002901	Mannosyl-glycoprotein endo-beta-N-acetylglucosamidase-like domain	GO:0004040
BCW-000212_00683_5	559f1c263b39b433a643263cabb2e946	209	Gene3D	G3DSA:1.10.530.10		57	204	5.3E-48	T	12-04-2020
BCW-000212_00683_5	559f1c263b39b433a643263cabb2e946	209	SMART	SM00047		48	204	1.6E-53	T	12-04-2020	IPR002901	Mannosyl-glycoprotein endo-beta-N-acetylglucosamidase-like domain	GO:0004040
BCW-000212_01817_3	29b19f0abc69bd20bc58a0a91efa3158	122	Gene3D	G3DSA:3.10.180.10		7	121	1.7E-6	T	12-04-2020	IPR029068	Glyoxalase/Bleomycin resistance protein/Dihydroxybiphenyl dioxygenase	
BCW-000212_01817_3	29b19f0abc69bd20bc58a0a91efa3158	122	SUPERFAMILY	SSF54593		6	121	5.31E-8	T	12-04-2020	IPR029068	Glyoxalase/Bleomycin resistance protein/Dihydroxybiphenyl dioxygenase	
BCW-200051_01054_2	78240b879b2f751b1954c23e30351af1	161	CDD	cd00093	HTH_XRE	2	59	4.46089E-7	T	12-04-2020	IPR001387	Cro/C1-type helix-turn-helix domain	GO:0043565
BCW-200051_01054_2	78240b879b2f751b1954c23e30351af1	161	SUPERFAMILY	SSF47413		2	63	5.07E-8	T	12-04-2020	IPR010982	Lambda repressor-like, DNA-binding domain superfamily	GO:0003677
BCW-200051_01054_2	78240b879b2f751b1954c23e30351af1	161	ProSiteProfiles	PS50943	Cro/C1-type HTH domain profile.	5	59	11.134	T	12-04-2020	IPR001387	Cro/C1-type helix-turn-helix domain	GO:0043565
BCW-200051_01054_2	78240b879b2f751b1954c23e30351af1	161	Gene3D	G3DSA:1.10.260.40		1	61	7.6E-21	T	12-04-2020
BCW-200051_01054_2	78240b879b2f751b1954c23e30351af1	161	Pfam	PF01381	Helix-turn-helix	5	57	3.7E-5	T	12-04-2020	IPR001387	Cro/C1-type helix-turn-helix domain	GO:0043565
BCW-200051_01054_2	78240b879b2f751b1954c23e30351af1	161	SMART	SM00530		4	59	2.2E-4	T	12-04-2020	IPR001387	Cro/C1-type helix-turn-helix domain	GO:0043565
BCW-200051_01054_2	78240b879b2f751b1954c23e30351af1	161	Pfam	PF06543	Lactococcus bacteriophage repressor	113	160	3.6E-25	T	12-04-2020	IPR009498	Bacteriophage 4268, Orf1, C-terminal	
BCW-000270_01661_6	2d914bd7a2a899b995b6d3e7a9b686b8	296	PANTHER	PTHR30050		8	273	7.0E-35	T	12-04-2020
BCW-000270_01661_6	2d914bd7a2a899b995b6d3e7a9b686b8	296	CDD	cd00009	AAA	130	274	6.9402E-6	T	12-04-2020
BCW-000270_01661_6	2d914bd7a2a899b995b6d3e7a9b686b8	296	Pfam	PF07319	Primosomal protein DnaI N-terminus	1	87	5.7E-18	T	12-04-2020	IPR009928	Primosomal DnaI, N-terminal	
BCW-000270_01661_6	2d914bd7a2a899b995b6d3e7a9b686b8	296	PANTHER	PTHR30050:SF8		8	273	7.0E-35	T	12-04-2020
BCW-000270_01661_6	2d914bd7a2a899b995b6d3e7a9b686b8	296	Gene3D	G3DSA:3.40.50.300		95	276	2.9E-37	T	12-04-2020
BCW-000270_01661_6	2d914bd7a2a899b995b6d3e7a9b686b8	296	SUPERFAMILY	SSF52540		118	277	1.32E-16	T	12-04-2020	IPR027417	P-loop containing nucleoside triphosphate hydrolase	
BCW-000270_01661_6	2d914bd7a2a899b995b6d3e7a9b686b8	296	Pfam	PF01695	IstB-like ATP binding protein	124	269	1.0E-14	T	12-04-2020	IPR002611	IstB-like ATP-binding protein	GO:0005524
BCW-200128_01082_6	34b58f3648bcd0cd83a0f73e7f6e5160	268	SUPERFAMILY	SSF52980		7	176	1.82E-6	T	12-04-2020	IPR011335	Restriction endonuclease  type II-like	
BCW-200128_01082_6	34b58f3648bcd0cd83a0f73e7f6e5160	268	Pfam	PF12684	PDDEXK-like domain of unknown function (DUF3799)	9	256	2.0E-23	T	12-04-2020	IPR024432	Putative exodeoxyribonuclease 8, PDDEXK-like domain	
BCW-200128_01082_6	34b58f3648bcd0cd83a0f73e7f6e5160	268	Gene3D	G3DSA:3.90.320.10		2	266	1.9E-40	T	12-04-2020	IPR011604	Exonuclease, phage-type/RecB, C-terminal	
BCW-000212_00939_1	d28be9402276a7d144a32a048f7b7103	25	MobiDBLite	mobidb-lite	consensus disorder prediction	1	25	-	T	12-04-2020
BCW-200188_00318_7	13187804a734d6c2039b139aca851d68	334	CDD	cd01392	HTH_LacI	9	60	1.64743E-16	T	12-04-2020	IPR000843	LacI-type HTH domain	GO:0003677|GO:0006355
BCW-200188_00318_7	13187804a734d6c2039b139aca851d68	334	ProSitePatterns	PS00356	LacI-type HTH domain signature.	7	25	-	T	12-04-2020
BCW-200188_00318_7	13187804a734d6c2039b139aca851d68	334	Gene3D	G3DSA:1.10.260.40		2	63	2.1E-18	T	12-04-2020
BCW-200188_00318_7	13187804a734d6c2039b139aca851d68	334	CDD	cd06283	PBP1_RegR_EndR_KdgR_like	65	331	2.86215E-100	T	12-04-2020
BCW-200188_00318_7	13187804a734d6c2039b139aca851d68	334	Pfam	PF00356	Bacterial regulatory proteins, lacI family	6	52	1.4E-15	T	12-04-2020	IPR000843	LacI-type HTH domain	GO:0003677|GO:0006355
BCW-200188_00318_7	13187804a734d6c2039b139aca851d68	334	PANTHER	PTHR30146:SF94		1	333	1.4E-76	T	12-04-2020
BCW-200188_00318_7	13187804a734d6c2039b139aca851d68	334	Pfam	PF13377	Periplasmic binding protein-like domain	173	333	2.7E-19	T	12-04-2020
BCW-200188_00318_7	13187804a734d6c2039b139aca851d68	334	SUPERFAMILY	SSF53822		65	333	1.54E-48	T	12-04-2020	IPR028082	Periplasmic binding protein-like I	
BCW-200188_00318_7	13187804a734d6c2039b139aca851d68	334	Gene3D	G3DSA:3.40.50.2300		67	316	1.1E-57	T	12-04-2020
BCW-200188_00318_7	13187804a734d6c2039b139aca851d68	334	PANTHER	PTHR30146		1	333	1.4E-76	T	12-04-2020
BCW-200188_00318_7	13187804a734d6c2039b139aca851d68	334	SMART	SM00354		4	75	4.6E-27	T	12-04-2020	IPR000843	LacI-type HTH domain	GO:0003677|GO:0006355
BCW-200188_00318_7	13187804a734d6c2039b139aca851d68	334	SUPERFAMILY	SSF47413		3	63	5.32E-15	T	12-04-2020	IPR010982	Lambda repressor-like, DNA-binding domain superfamily	GO:0003677
BCW-200188_00318_7	13187804a734d6c2039b139aca851d68	334	ProSiteProfiles	PS50932	LacI-type HTH domain profile.	5	60	26.802	T	12-04-2020	IPR000843	LacI-type HTH domain	GO:0003677|GO:0006355
BCW-200188_00318_7	13187804a734d6c2039b139aca851d68	334	Gene3D	G3DSA:3.40.50.2300		161	295	1.1E-57	T	12-04-2020
BCW-200077_01682_5	5ce3b18b2f0a4bbfcb02cca93648fc6c	117	Coils	Coil		10	30	-	T	12-04-2020
BCW-000212_00841_4	c1796ad1a4a95d1f26d7a29c2c60f626	319	SUPERFAMILY	SSF161098		92	300	6.02E-20	T	12-04-2020	IPR035906	MetI-like superfamily	
BCW-000212_00841_4	c1796ad1a4a95d1f26d7a29c2c60f626	319	Gene3D	G3DSA:1.10.3720.10		84	313	7.1E-22	T	12-04-2020	IPR035906	MetI-like superfamily	
BCW-000212_00841_4	c1796ad1a4a95d1f26d7a29c2c60f626	319	CDD	cd06261	TM_PBP2	95	289	1.32047E-17	T	12-04-2020	IPR000515	ABC transporter type 1, transmembrane domain MetI-like	GO:0016020|GO:0055085
BCW-000212_00841_4	c1796ad1a4a95d1f26d7a29c2c60f626	319	Pfam	PF00528	Binding-protein-dependent transport system inner membrane component	113	317	2.9E-43	T	12-04-2020	IPR000515	ABC transporter type 1, transmembrane domain MetI-like	GO:0016020|GO:0055085
BCW-000212_00841_4	c1796ad1a4a95d1f26d7a29c2c60f626	319	ProSiteProfiles	PS50928	ABC transporter integral membrane type-1 domain profile.	95	305	18.161	T	12-04-2020	IPR000515	ABC transporter type 1, transmembrane domain MetI-like	GO:0016020|GO:0055085
BCW-000212_00841_4	c1796ad1a4a95d1f26d7a29c2c60f626	319	PANTHER	PTHR43163		1	318	5.3E-90	T	12-04-2020
BCW-000273_01255_1	60954a162f8f664d8248ea1d9c2fefef	62	SUPERFAMILY	SSF52540		4	58	6.89E-7	T	12-04-2020	IPR027417	P-loop containing nucleoside triphosphate hydrolase	
BCW-000273_01255_1	60954a162f8f664d8248ea1d9c2fefef	62	Gene3D	G3DSA:3.40.50.300		1	62	2.5E-9	T	12-04-2020
BCW-000273_00078_3	a9d1ef95e9b07d98485c3cfd7a960707	79	PANTHER	PTHR33884:SF3		1	76	5.0E-13	T	12-04-2020
BCW-000273_00078_3	a9d1ef95e9b07d98485c3cfd7a960707	79	Pfam	PF04226	Transglycosylase associated protein	31	75	6.3E-12	T	12-04-2020	IPR007341	Transglycosylase-associated protein	GO:0016021
BCW-000273_00078_3	a9d1ef95e9b07d98485c3cfd7a960707	79	PANTHER	PTHR33884		1	76	5.0E-13	T	12-04-2020	IPR007341	Transglycosylase-associated protein	GO:0016021
BCW-200158_00226_1	0465f22e1a9e39844625f7828df62d2d	188	Gene3D	G3DSA:3.80.10.10		1	112	2.9E-7	T	12-04-2020	IPR032675	Leucine-rich repeat domain superfamily	
BCW-200158_00226_1	0465f22e1a9e39844625f7828df62d2d	188	SUPERFAMILY	SSF52058		3	70	3.47E-5	T	12-04-2020
BCW-200158_00226_1	0465f22e1a9e39844625f7828df62d2d	188	ProSiteProfiles	PS51450	Leucine-rich repeat profile.	28	49	8.767	T	12-04-2020	IPR001611	Leucine-rich repeat	GO:0005515
BCW-200158_00226_1	0465f22e1a9e39844625f7828df62d2d	188	ProSiteProfiles	PS51450	Leucine-rich repeat profile.	6	27	6.58	T	12-04-2020	IPR001611	Leucine-rich repeat	GO:0005515
BCW-000271_00533_1	2a6aa1efbc46eefdac770c32ea0c0faa	34	MobiDBLite	mobidb-lite	consensus disorder prediction	1	34	-	T	12-04-2020
BCW-000271_00653_1	2a6aa1efbc46eefdac770c32ea0c0faa	34	MobiDBLite	mobidb-lite	consensus disorder prediction	1	34	-	T	12-04-2020
BCW-200051_01173_5	d03bb824ee1fd560e9592c3c0d3434fd	196	Pfam	PF01719	Plasmid replication protein	1	182	2.8E-49	T	12-04-2020	IPR002631	Plasmid replication protein	GO:0003677|GO:0003916|GO:0005727|GO:0006260
BCW-200051_01173_5	d03bb824ee1fd560e9592c3c0d3434fd	196	Gene3D	G3DSA:3.40.1310.30		2	129	1.5E-35	T	12-04-2020
BCW-200051_00190_2	e6aaa399a418f2b741c484a38f05ed2f	113	PIRSF	PIRSF000699		1	106	3.6E-31	T	12-04-2020	IPR003188	Phosphotransferase system, lactose/cellobiose-type IIA subunit	GO:0009401
BCW-200051_00190_2	e6aaa399a418f2b741c484a38f05ed2f	113	ProSiteProfiles	PS51095	PTS_EIIA type-3 domain profile.	2	100	29.827	T	12-04-2020	IPR003188	Phosphotransferase system, lactose/cellobiose-type IIA subunit	GO:0009401
BCW-200051_00190_2	e6aaa399a418f2b741c484a38f05ed2f	113	PANTHER	PTHR34382		2	100	4.5E-26	T	12-04-2020	IPR003188	Phosphotransferase system, lactose/cellobiose-type IIA subunit	GO:0009401
BCW-200051_00190_2	e6aaa399a418f2b741c484a38f05ed2f	113	Gene3D	G3DSA:1.20.58.80		1	101	1.7E-29	T	12-04-2020
BCW-200051_00190_2	e6aaa399a418f2b741c484a38f05ed2f	113	CDD	cd00215	PTS_IIA_lac	4	98	5.89894E-29	T	12-04-2020	IPR003188	Phosphotransferase system, lactose/cellobiose-type IIA subunit	GO:0009401
BCW-200051_00190_2	e6aaa399a418f2b741c484a38f05ed2f	113	SUPERFAMILY	SSF46973		1	99	1.11E-29	T	12-04-2020	IPR036542	Phosphotransferase system, lactose/cellobiose-type IIA subunit superfamily	GO:0009401
BCW-200051_00190_2	e6aaa399a418f2b741c484a38f05ed2f	113	Pfam	PF02255	PTS system, Lactose/Cellobiose specific IIA subunit	7	99	4.9E-30	T	12-04-2020	IPR003188	Phosphotransferase system, lactose/cellobiose-type IIA subunit	GO:0009401
BCW-200077_00120_3	5987dbd69617bff6766ae67d77b2863e	65	MobiDBLite	mobidb-lite	consensus disorder prediction	1	22	-	T	12-04-2020
BCW-000212_01954_11	785e5c128cdc68260d04ca8189a92928	439	SUPERFAMILY	SSF51658		3	438	7.47E-156	T	12-04-2020	IPR036237	Xylose isomerase-like superfamily	
BCW-000212_01954_11	785e5c128cdc68260d04ca8189a92928	439	Gene3D	G3DSA:3.20.20.150		2	439	2.2E-171	T	12-04-2020
BCW-000212_01954_11	785e5c128cdc68260d04ca8189a92928	439	Hamap	MF_00455	Xylose isomerase [xylA].	10	438	54.099	T	12-04-2020	IPR001998	Xylose isomerase	GO:0005975|GO:0009045
BCW-000212_01954_11	785e5c128cdc68260d04ca8189a92928	439	PANTHER	PTHR32176:SF0		2	432	2.4E-165	T	12-04-2020	IPR001998	Xylose isomerase	GO:0005975|GO:0009045
BCW-000212_01954_11	785e5c128cdc68260d04ca8189a92928	439	ProSiteProfiles	PS51415	Xylose isomerase family profile.	34	438	176.322	T	12-04-2020	IPR001998	Xylose isomerase	GO:0005975|GO:0009045
BCW-000212_01954_11	785e5c128cdc68260d04ca8189a92928	439	PRINTS	PR00688	Xylose isomerase signature	229	253	6.4E-88	T	12-04-2020	IPR001998	Xylose isomerase	GO:0005975|GO:0009045
BCW-000212_01954_11	785e5c128cdc68260d04ca8189a92928	439	PRINTS	PR00688	Xylose isomerase signature	271	298	6.4E-88	T	12-04-2020	IPR001998	Xylose isomerase	GO:0005975|GO:0009045
BCW-000212_01954_11	785e5c128cdc68260d04ca8189a92928	439	PRINTS	PR00688	Xylose isomerase signature	207	226	6.4E-88	T	12-04-2020	IPR001998	Xylose isomerase	GO:0005975|GO:0009045
BCW-000212_01954_11	785e5c128cdc68260d04ca8189a92928	439	PRINTS	PR00688	Xylose isomerase signature	156	175	6.4E-88	T	12-04-2020	IPR001998	Xylose isomerase	GO:0005975|GO:0009045
BCW-000212_01954_11	785e5c128cdc68260d04ca8189a92928	439	PRINTS	PR00688	Xylose isomerase signature	180	201	6.4E-88	T	12-04-2020	IPR001998	Xylose isomerase	GO:0005975|GO:0009045
BCW-000212_01954_11	785e5c128cdc68260d04ca8189a92928	439	PRINTS	PR00688	Xylose isomerase signature	92	114	6.4E-88	T	12-04-2020	IPR001998	Xylose isomerase	GO:0005975|GO:0009045
BCW-000212_01954_11	785e5c128cdc68260d04ca8189a92928	439	PRINTS	PR00688	Xylose isomerase signature	300	311	6.4E-88	T	12-04-2020	IPR001998	Xylose isomerase	GO:0005975|GO:0009045
BCW-000212_01954_11	785e5c128cdc68260d04ca8189a92928	439	PRINTS	PR00688	Xylose isomerase signature	133	153	6.4E-88	T	12-04-2020	IPR001998	Xylose isomerase	GO:0005975|GO:0009045
BCW-000212_01954_11	785e5c128cdc68260d04ca8189a92928	439	PRINTS	PR00688	Xylose isomerase signature	333	344	6.4E-88	T	12-04-2020	IPR001998	Xylose isomerase	GO:0005975|GO:0009045
BCW-000212_01954_11	785e5c128cdc68260d04ca8189a92928	439	PANTHER	PTHR32176		2	432	2.4E-165	T	12-04-2020
BCW-000212_01954_11	785e5c128cdc68260d04ca8189a92928	439	TIGRFAM	TIGR02630	xylose_isom_A: xylose isomerase	3	438	3.3E-215	T	12-04-2020	IPR013452	Xylose isomerase, bacterial-type	GO:0009045
BCW-200158_01934_10	17124a094f4be5a808b63cc6e6f55904	525	Pfam	PF16993	Accessory Sec system protein Asp1	11	516	2.4E-88	T	12-04-2020	IPR022372	Accessory secretory system protein Asp1	GO:0015031
BCW-200158_01934_10	17124a094f4be5a808b63cc6e6f55904	525	TIGRFAM	TIGR03713	acc_sec_asp1: accessory Sec system protein Asp1	1	517	7.2E-102	T	12-04-2020	IPR022372	Accessory secretory system protein Asp1	GO:0015031
BCW-200188_00306_7	dc134af163124e27559de418de589b45	637	Pfam	PF00874	PRD domain	318	395	4.0E-13	T	12-04-2020	IPR011608	PRD domain	GO:0006355
BCW-200188_00306_7	dc134af163124e27559de418de589b45	637	ProSiteProfiles	PS51372	PRD domain profile.	291	402	16.332	T	12-04-2020	IPR011608	PRD domain	GO:0006355
BCW-200188_00306_7	dc134af163124e27559de418de589b45	637	Pfam	PF00359	Phosphoenolpyruvate-dependent sugar phosphotransferase system, EIIA 2	504	636	1.3E-22	T	12-04-2020	IPR002178	PTS EIIA type-2 domain	
BCW-200188_00306_7	dc134af163124e27559de418de589b45	637	PANTHER	PTHR30185		6	636	1.3E-86	T	12-04-2020
BCW-200188_00306_7	dc134af163124e27559de418de589b45	637	SUPERFAMILY	SSF63520		315	399	5.23E-15	T	12-04-2020	IPR036634	PRD domain superfamily	GO:0006355
BCW-200188_00306_7	dc134af163124e27559de418de589b45	637	Gene3D	G3DSA:3.40.930.10		498	637	1.0E-20	T	12-04-2020	IPR016152	Phosphotransferase/anion transporter	
BCW-200188_00306_7	dc134af163124e27559de418de589b45	637	Gene3D	G3DSA:1.10.10.10		80	155	3.6E-6	T	12-04-2020	IPR036388	Winged helix-like DNA-binding domain superfamily	
BCW-200188_00306_7	dc134af163124e27559de418de589b45	637	Gene3D	G3DSA:1.10.10.10		3	67	1.7E-10	T	12-04-2020	IPR036388	Winged helix-like DNA-binding domain superfamily	
BCW-200188_00306_7	dc134af163124e27559de418de589b45	637	Pfam	PF08279	HTH domain	7	64	6.4E-9	T	12-04-2020	IPR013196	Helix-turn-helix, type 11	
BCW-200188_00306_7	dc134af163124e27559de418de589b45	637	CDD	cd00211	PTS_IIA_fru	501	636	9.27799E-23	T	12-04-2020
BCW-200188_00306_7	dc134af163124e27559de418de589b45	637	Pfam	PF05043	Mga helix-turn-helix domain	85	167	1.8E-9	T	12-04-2020	IPR007737	Mga helix-turn-helix domain	
BCW-200188_00306_7	dc134af163124e27559de418de589b45	637	SUPERFAMILY	SSF55804		499	637	8.5E-28	T	12-04-2020	IPR016152	Phosphotransferase/anion transporter	
BCW-200188_00306_7	dc134af163124e27559de418de589b45	637	Gene3D	G3DSA:1.10.1790.10		299	398	3.6E-13	T	12-04-2020
BCW-200188_00306_7	dc134af163124e27559de418de589b45	637	CDD	cd00133	PTS_IIB	406	488	1.05785E-5	T	12-04-2020
BCW-200188_00306_7	dc134af163124e27559de418de589b45	637	ProSiteProfiles	PS51094	PTS_EIIA type-2 domain profile.	499	637	29.138	T	12-04-2020	IPR002178	PTS EIIA type-2 domain	
BCW-200188_00312_10	5323f51113ec91463ddab0163e586c34	40	MobiDBLite	mobidb-lite	consensus disorder prediction	21	40	-	T	12-04-2020
BCW-200051_00184_5	4e4f63edcb9d6f412f69383f8bb4a253	312	SUPERFAMILY	SSF51445		47	288	4.53E-56	T	12-04-2020	IPR017853	Glycoside hydrolase superfamily	
BCW-200051_00184_5	4e4f63edcb9d6f412f69383f8bb4a253	312	Pfam	PF00704	Glycosyl hydrolases family 18	75	247	1.7E-15	T	12-04-2020	IPR001223	Glycoside hydrolase family 18, catalytic domain	GO:0005975
BCW-200051_00184_5	4e4f63edcb9d6f412f69383f8bb4a253	312	Gene3D	G3DSA:3.20.20.80		39	311	1.3E-79	T	12-04-2020
BCW-200051_00184_5	4e4f63edcb9d6f412f69383f8bb4a253	312	CDD	cd06542	GH18_EndoS-like	47	301	1.86184E-66	T	12-04-2020
BCW-200051_00184_5	4e4f63edcb9d6f412f69383f8bb4a253	312	ProSitePatterns	PS01095	Chitinases family 18 active site.	162	170	-	T	12-04-2020	IPR001579	Glycoside hydrolase, chitinase active site	GO:0004553|GO:0005975
BCW-000541_01469_17	f9e21a039b926836ce69ac18eb590b26	460	PANTHER	PTHR30193:SF35		32	459	1.7E-75	T	12-04-2020
BCW-000541_01469_17	f9e21a039b926836ce69ac18eb590b26	460	CDD	cd06261	TM_PBP2	225	446	3.62409E-16	T	12-04-2020	IPR000515	ABC transporter type 1, transmembrane domain MetI-like	GO:0016020|GO:0055085
BCW-000541_01469_17	f9e21a039b926836ce69ac18eb590b26	460	Gene3D	G3DSA:1.10.3720.10		216	456	9.1E-54	T	12-04-2020	IPR035906	MetI-like superfamily	
BCW-000541_01469_17	f9e21a039b926836ce69ac18eb590b26	460	PANTHER	PTHR30193		32	459	1.7E-75	T	12-04-2020
BCW-000541_01469_17	f9e21a039b926836ce69ac18eb590b26	460	Pfam	PF00528	Binding-protein-dependent transport system inner membrane component	243	449	2.6E-16	T	12-04-2020	IPR000515	ABC transporter type 1, transmembrane domain MetI-like	GO:0016020|GO:0055085
BCW-000541_01469_17	f9e21a039b926836ce69ac18eb590b26	460	SUPERFAMILY	SSF161098		207	446	5.23E-45	T	12-04-2020	IPR035906	MetI-like superfamily	
BCW-000541_01469_17	f9e21a039b926836ce69ac18eb590b26	460	SUPERFAMILY	SSF160964		113	199	4.45E-5	T	12-04-2020
BCW-000541_01469_17	f9e21a039b926836ce69ac18eb590b26	460	ProSiteProfiles	PS50928	ABC transporter integral membrane type-1 domain profile.	225	450	23.147	T	12-04-2020	IPR000515	ABC transporter type 1, transmembrane domain MetI-like	GO:0016020|GO:0055085
BCW-000631_02224_6	38ec89ae9f8dfc600e4e46178a2e28db	315	Gene3D	G3DSA:3.90.550.10		1	186	5.5E-17	T	12-04-2020	IPR029044	Nucleotide-diphospho-sugar transferases	
BCW-000631_02224_6	38ec89ae9f8dfc600e4e46178a2e28db	315	CDD	cd00761	Glyco_tranf_GTA_type	6	173	1.25983E-13	T	12-04-2020
BCW-000631_02224_6	38ec89ae9f8dfc600e4e46178a2e28db	315	Pfam	PF00535	Glycosyl transferase family 2	5	117	5.9E-8	T	12-04-2020	IPR001173	Glycosyltransferase 2-like	
BCW-000631_02224_6	38ec89ae9f8dfc600e4e46178a2e28db	315	SUPERFAMILY	SSF53448		3	223	5.49E-19	T	12-04-2020	IPR029044	Nucleotide-diphospho-sugar transferases	
BCW-000631_01218_7	2fd34bab962eebf49a77aa447c17ea77	285	Pfam	PF00528	Binding-protein-dependent transport system inner membrane component	95	270	7.1E-17	T	12-04-2020	IPR000515	ABC transporter type 1, transmembrane domain MetI-like	GO:0016020|GO:0055085
BCW-000631_01218_7	2fd34bab962eebf49a77aa447c17ea77	285	SUPERFAMILY	SSF161098		11	285	4.06E-56	T	12-04-2020	IPR035906	MetI-like superfamily	
BCW-000631_01218_7	2fd34bab962eebf49a77aa447c17ea77	285	Gene3D	G3DSA:1.10.3720.10		4	272	1.7E-50	T	12-04-2020	IPR035906	MetI-like superfamily	
BCW-000631_01218_7	2fd34bab962eebf49a77aa447c17ea77	285	ProSiteProfiles	PS50928	ABC transporter integral membrane type-1 domain profile.	76	270	19.315	T	12-04-2020	IPR000515	ABC transporter type 1, transmembrane domain MetI-like	GO:0016020|GO:0055085
BCW-000631_01218_7	2fd34bab962eebf49a77aa447c17ea77	285	CDD	cd06261	TM_PBP2	76	243	6.63972E-13	T	12-04-2020	IPR000515	ABC transporter type 1, transmembrane domain MetI-like	GO:0016020|GO:0055085
BCW-000631_01218_7	2fd34bab962eebf49a77aa447c17ea77	285	PANTHER	PTHR43744		3	285	4.4E-69	T	12-04-2020
BCW-200051_00191_8	9e01b5325ac91f12f7e8ddfef6cc48d9	669	Pfam	PF08532	Beta-galactosidase trimerisation domain	374	439	7.4E-8	T	12-04-2020	IPR013738	Beta-galactosidase trimerisation	GO:0004565|GO:0005975
BCW-200051_00191_8	9e01b5325ac91f12f7e8ddfef6cc48d9	669	Gene3D	G3DSA:3.40.50.880		346	544	3.2E-11	T	12-04-2020	IPR029062	Class I glutamine amidotransferase-like	
BCW-200051_00191_8	9e01b5325ac91f12f7e8ddfef6cc48d9	669	Gene3D	G3DSA:3.20.20.80		20	190	1.3E-7	T	12-04-2020
BCW-200051_00191_8	9e01b5325ac91f12f7e8ddfef6cc48d9	669	Pfam	PF14871	Hypothetical glycosyl hydrolase 6	28	162	2.4E-30	T	12-04-2020	IPR028212	Hypothetical glycosyl hydrolase 6	
BCW-200051_00191_8	9e01b5325ac91f12f7e8ddfef6cc48d9	669	CDD	cd03143	A4_beta-galactosidase_middle_domain	374	436	5.7734E-7	T	12-04-2020
BCW-200051_00191_8	9e01b5325ac91f12f7e8ddfef6cc48d9	669	SUPERFAMILY	SSF52317		373	529	5.95E-7	T	12-04-2020	IPR029062	Class I glutamine amidotransferase-like	
BCW-200051_00191_8	9e01b5325ac91f12f7e8ddfef6cc48d9	669	SUPERFAMILY	SSF51445		6	276	2.16E-23	T	12-04-2020	IPR017853	Glycoside hydrolase superfamily	
BCW-200128_01242_9	c4d4daa0065bdf311dff49f5868e3aaf	50	Coils	Coil		39	50	-	T	12-04-2020
BCW-200188_00312_8	5d69f086d6f2f4686035f16b0cdf7af7	80	MobiDBLite	mobidb-lite	consensus disorder prediction	9	38	-	T	12-04-2020
BCW-200188_00312_8	5d69f086d6f2f4686035f16b0cdf7af7	80	MobiDBLite	mobidb-lite	consensus disorder prediction	1	38	-	T	12-04-2020
BCW-200051_00187_9	18cac665d5ce5dc480185c4c314efc56	446	PANTHER	PTHR33989		13	439	2.7E-95	T	12-04-2020
BCW-200051_00187_9	18cac665d5ce5dc480185c4c314efc56	446	TIGRFAM	TIGR00410	lacE: PTS system, lactose/cellobiose family IIC component	14	438	3.8E-85	T	12-04-2020	IPR004501	Phosphotransferase system, EIIC component, type 3	GO:0008982|GO:0009401|GO:0016021
BCW-200051_00187_9	18cac665d5ce5dc480185c4c314efc56	446	ProSiteProfiles	PS51105	PTS_EIIC type-3 domain profile.	8	427	46.197	T	12-04-2020	IPR004501	Phosphotransferase system, EIIC component, type 3	GO:0008982|GO:0009401|GO:0016021
BCW-200051_00187_9	18cac665d5ce5dc480185c4c314efc56	446	PIRSF	PIRSF006351		3	445	2.5E-102	T	12-04-2020	IPR004796	Phosphotransferase system, cellobiose-type IIC component	GO:0008982|GO:0009401|GO:0016021
BCW-200051_00187_9	18cac665d5ce5dc480185c4c314efc56	446	Pfam	PF02378	Phosphotransferase system, EIIC	30	366	1.4E-43	T	12-04-2020	IPR003352	Phosphotransferase system, EIIC	GO:0008982|GO:0009401|GO:0016020
BCW-200158_00213_8	12767f5fe98050719e231170a9c900fc	414	PANTHER	PTHR10434		16	217	1.9E-32	T	12-04-2020
BCW-200158_00213_8	12767f5fe98050719e231170a9c900fc	414	CDD	cd07989	LPLAT_AGPAT-like	26	196	2.72704E-45	T	12-04-2020
BCW-200158_00213_8	12767f5fe98050719e231170a9c900fc	414	Gene3D	G3DSA:1.25.40.10		183	407	1.5E-6	T	12-04-2020	IPR011990	Tetratricopeptide-like helical domain superfamily	GO:0005515
BCW-200158_00213_8	12767f5fe98050719e231170a9c900fc	414	SMART	SM00563		39	157	2.8E-27	T	12-04-2020	IPR002123	Phospholipid/glycerol acyltransferase	GO:0016746
BCW-200158_00213_8	12767f5fe98050719e231170a9c900fc	414	Pfam	PF01553	Acyltransferase	26	154	3.7E-25	T	12-04-2020	IPR002123	Phospholipid/glycerol acyltransferase	GO:0016746
BCW-200158_00213_8	12767f5fe98050719e231170a9c900fc	414	SUPERFAMILY	SSF48452		305	377	1.5E-6	T	12-04-2020	IPR011990	Tetratricopeptide-like helical domain superfamily	GO:0005515
BCW-200158_00213_8	12767f5fe98050719e231170a9c900fc	414	SUPERFAMILY	SSF69593		22	207	5.1E-46	T	12-04-2020
BCW-000270_01365_7	3f5a895cfd5a0e1fa731b1d9cf3ad99c	28	MobiDBLite	mobidb-lite	consensus disorder prediction	1	19	-	T	12-04-2020
BCW-000270_01365_7	3f5a895cfd5a0e1fa731b1d9cf3ad99c	28	MobiDBLite	mobidb-lite	consensus disorder prediction	1	28	-	T	12-04-2020
BCW-200077_00500_3	b194eb2eeb38730c3ad017fd4e056a46	297	PANTHER	PTHR23304:SF134		2	238	2.0E-12	T	12-04-2020
BCW-200077_00500_3	b194eb2eeb38730c3ad017fd4e056a46	297	Pfam	PF00746	LPXTG cell wall anchor motif	252	294	2.2E-4	T	12-04-2020	IPR019948	Gram-positive LPXTG cell wall anchor	
BCW-200077_00500_3	b194eb2eeb38730c3ad017fd4e056a46	297	MobiDBLite	mobidb-lite	consensus disorder prediction	1	269	-	T	12-04-2020
BCW-200077_00500_3	b194eb2eeb38730c3ad017fd4e056a46	297	ProSiteProfiles	PS50847	Gram-positive cocci surface proteins LPxTG motif profile.	258	297	12.931	T	12-04-2020
BCW-200077_00500_3	b194eb2eeb38730c3ad017fd4e056a46	297	PANTHER	PTHR23304		2	238	2.0E-12	T	12-04-2020
BCW-200077_00500_3	b194eb2eeb38730c3ad017fd4e056a46	297	TIGRFAM	TIGR01167	LPXTG_anchor: LPXTG cell wall anchor domain	258	291	2.6E-6	T	12-04-2020
BCW-000541_01470_10	dd0ba9126575af454199c1e96fcb4255	288	Pfam	PF00528	Binding-protein-dependent transport system inner membrane component	92	278	5.9E-15	T	12-04-2020	IPR000515	ABC transporter type 1, transmembrane domain MetI-like	GO:0016020|GO:0055085
BCW-000541_01470_10	dd0ba9126575af454199c1e96fcb4255	288	Gene3D	G3DSA:1.10.3720.10		2	275	1.0E-59	T	12-04-2020	IPR035906	MetI-like superfamily	
BCW-000541_01470_10	dd0ba9126575af454199c1e96fcb4255	288	CDD	cd06261	TM_PBP2	76	240	2.76151E-13	T	12-04-2020	IPR000515	ABC transporter type 1, transmembrane domain MetI-like	GO:0016020|GO:0055085
BCW-000541_01470_10	dd0ba9126575af454199c1e96fcb4255	288	PANTHER	PTHR32243		5	288	7.1E-72	T	12-04-2020
BCW-000541_01470_10	dd0ba9126575af454199c1e96fcb4255	288	ProSiteProfiles	PS50928	ABC transporter integral membrane type-1 domain profile.	76	273	23.43	T	12-04-2020	IPR000515	ABC transporter type 1, transmembrane domain MetI-like	GO:0016020|GO:0055085
BCW-000541_01470_10	dd0ba9126575af454199c1e96fcb4255	288	SUPERFAMILY	SSF161098		7	288	3.01E-61	T	12-04-2020	IPR035906	MetI-like superfamily	
BCW-200188_00310_12	f59b632171f55fcbdd444d5db66beb18	890	Gene3D	G3DSA:2.70.98.30		482	770	2.4E-77	T	12-04-2020
BCW-200188_00310_12	f59b632171f55fcbdd444d5db66beb18	890	Pfam	PF07748	Glycosyl hydrolases family 38 C-terminal domain	493	713	5.9E-28	T	12-04-2020	IPR011682	Glycosyl hydrolase family 38, C-terminal	GO:0004559|GO:0006013
BCW-200188_00310_12	f59b632171f55fcbdd444d5db66beb18	890	PANTHER	PTHR11607		3	848	1.9E-57	T	12-04-2020
BCW-200188_00310_12	f59b632171f55fcbdd444d5db66beb18	890	Gene3D	G3DSA:1.20.1270.50		280	380	6.5E-25	T	12-04-2020	IPR037094	Glycoside hydrolase family 38, central domain superfamily	GO:0004559|GO:0006013
BCW-200188_00310_12	f59b632171f55fcbdd444d5db66beb18	890	SUPERFAMILY	SSF88688		278	378	1.05E-7	T	12-04-2020	IPR028995	Glycoside hydrolase families 57/38, central domain superfamily	
BCW-200188_00310_12	f59b632171f55fcbdd444d5db66beb18	890	SMART	SM00872		277	355	1.9E-5	T	12-04-2020	IPR015341	Glycoside hydrolase family 38, central domain	GO:0004559|GO:0006013
BCW-200188_00310_12	f59b632171f55fcbdd444d5db66beb18	890	SUPERFAMILY	SSF88713		2	270	1.11E-53	T	12-04-2020	IPR011330	Glycoside hydrolase/deacetylase, beta/alpha-barrel	GO:0003824|GO:0005975
BCW-200188_00310_12	f59b632171f55fcbdd444d5db66beb18	890	SUPERFAMILY	SSF74650		375	867	3.92E-67	T	12-04-2020	IPR011013	Galactose mutarotase-like domain superfamily	GO:0003824|GO:0005975|GO:0030246
BCW-200188_00310_12	f59b632171f55fcbdd444d5db66beb18	890	Pfam	PF09261	Alpha mannosidase middle domain	278	372	1.2E-13	T	12-04-2020	IPR015341	Glycoside hydrolase family 38, central domain	GO:0004559|GO:0006013
BCW-200188_00310_12	f59b632171f55fcbdd444d5db66beb18	890	CDD	cd10815	GH38N_AMII_EcMngB_like	4	274	1.52383E-161	T	12-04-2020
BCW-200188_00310_12	f59b632171f55fcbdd444d5db66beb18	890	Pfam	PF01074	Glycosyl hydrolases family 38 N-terminal domain	4	262	2.1E-47	T	12-04-2020	IPR000602	Glycoside hydrolase family 38, N-terminal domain	GO:0004559|GO:0006013
BCW-200188_00310_12	f59b632171f55fcbdd444d5db66beb18	890	Gene3D	G3DSA:3.20.110.10		1	274	3.1E-100	T	12-04-2020	IPR027291	Glycoside hydrolase 38, N-terminal domain superfamily	
BCW-000212_01409_2	dacb567ea3562e4ef4cb9e28f3904def	132	PANTHER	PTHR37831		1	131	3.7E-48	T	12-04-2020	IPR023064	D-ribose pyranase	GO:0016872
BCW-000212_01409_2	dacb567ea3562e4ef4cb9e28f3904def	132	Hamap	MF_01661	D-ribose pyranase [rbsD].	1	132	31.105	T	12-04-2020	IPR023064	D-ribose pyranase	GO:0016872
BCW-000212_01409_2	dacb567ea3562e4ef4cb9e28f3904def	132	Gene3D	G3DSA:3.40.1650.10		8	129	8.2E-33	T	12-04-2020	IPR023750	RbsD-like superfamily	GO:0005996|GO:0016853|GO:0048029
BCW-000212_01409_2	dacb567ea3562e4ef4cb9e28f3904def	132	Pfam	PF05025	RbsD / FucU transport protein family	1	130	3.2E-43	T	12-04-2020	IPR007721	D-ribose pyranase RbsD/L-fucose mutarotase FucU	GO:0005996|GO:0016853|GO:0048029
BCW-000212_01409_2	dacb567ea3562e4ef4cb9e28f3904def	132	SUPERFAMILY	SSF102546		1	131	3.79E-41	T	12-04-2020	IPR023750	RbsD-like superfamily	GO:0005996|GO:0016853|GO:0048029
BCW-000273_01864_1	0ca2b7ff0a6e104b40dedcac210478b9	30	MobiDBLite	mobidb-lite	consensus disorder prediction	1	30	-	T	12-04-2020
BCW-000214_01835_1	0ca2b7ff0a6e104b40dedcac210478b9	30	MobiDBLite	mobidb-lite	consensus disorder prediction	1	30	-	T	12-04-2020
BCW-000213_00074_1	0ca2b7ff0a6e104b40dedcac210478b9	30	MobiDBLite	mobidb-lite	consensus disorder prediction	1	30	-	T	12-04-2020
BCW-000217_00487_1	0ca2b7ff0a6e104b40dedcac210478b9	30	MobiDBLite	mobidb-lite	consensus disorder prediction	1	30	-	T	12-04-2020
BCW-200188_00312_13	6737bff0861c31639b7e57b98c767360	76	MobiDBLite	mobidb-lite	consensus disorder prediction	53	76	-	T	12-04-2020
BCW-200128_01242_6	16ab8129ae9c122197a61a5e20e86783	251	MobiDBLite	mobidb-lite	consensus disorder prediction	29	43	-	T	12-04-2020
BCW-200128_01242_6	16ab8129ae9c122197a61a5e20e86783	251	MobiDBLite	mobidb-lite	consensus disorder prediction	29	73	-	T	12-04-2020
BCW-200128_01242_6	16ab8129ae9c122197a61a5e20e86783	251	MobiDBLite	mobidb-lite	consensus disorder prediction	53	67	-	T	12-04-2020
BCW-200128_01242_6	16ab8129ae9c122197a61a5e20e86783	251	Pfam	PF13731	WxL domain surface cell wall-binding	30	250	1.2E-62	T	12-04-2020	IPR027994	WxL domain	
BCW-200077_02633_4	37620e83254b7f60246547022b1d61d0	150	PANTHER	PTHR41328		1	143	8.4E-27	T	12-04-2020
BCW-200077_02633_4	37620e83254b7f60246547022b1d61d0	150	Gene3D	G3DSA:1.10.10.1400		1	66	1.0E-13	T	12-04-2020	IPR038713	Terminase small subunit, N-terminal domain superfamily	
BCW-200077_02633_4	37620e83254b7f60246547022b1d61d0	150	PANTHER	PTHR41328:SF2		1	143	8.4E-27	T	12-04-2020
BCW-200077_02633_4	37620e83254b7f60246547022b1d61d0	150	Pfam	PF03592	Terminase small subunit	4	134	3.0E-18	T	12-04-2020	IPR005335	Terminase small subunit	GO:0006323
BCW-000270_00373_8	fec90a3f1c028cfd05b23032ad8b1c1c	43	MobiDBLite	mobidb-lite	consensus disorder prediction	21	35	-	T	12-04-2020
BCW-000270_00373_8	fec90a3f1c028cfd05b23032ad8b1c1c	43	MobiDBLite	mobidb-lite	consensus disorder prediction	20	43	-	T	12-04-2020
BCW-000212_01472_2	1a57351e0d98e9a1ba37e875a58a08fc	62	Pfam	PF10031	Small integral membrane protein (DUF2273)	4	49	7.8E-16	T	12-04-2020	IPR018730	Protein of unknown function DUF2273	
BCW-200077_02073_8	6bb4e1522cf0feffe3581742cce91648	445	Pfam	PF09913	Predicted membrane protein (DUF2142)	23	388	1.0E-23	T	12-04-2020	IPR018674	Protein of unknown function DUF2142, membrane	
BCW-200121_01981_1	2911812f46f09e984ce95f205409d5b3	67	Coils	Coil		19	39	-	T	12-04-2020
BCW-200128_00040_7	541cb613c09f78b473a8ee316701362a	263	SUPERFAMILY	SSF53335		17	131	1.31E-17	T	12-04-2020	IPR029063	S-adenosyl-L-methionine-dependent methyltransferase	
BCW-200128_00040_7	541cb613c09f78b473a8ee316701362a	263	Pfam	PF13649	Methyltransferase domain	44	130	7.2E-10	T	12-04-2020
BCW-200128_00040_7	541cb613c09f78b473a8ee316701362a	263	Gene3D	G3DSA:3.40.50.150		9	133	4.6E-16	T	12-04-2020
BCW-200128_00040_7	541cb613c09f78b473a8ee316701362a	263	CDD	cd02440	AdoMet_MTases	44	133	1.23502E-7	T	12-04-2020
BCW-200128_00040_7	541cb613c09f78b473a8ee316701362a	263	PANTHER	PTHR43464		17	133	2.9E-12	T	12-04-2020
BCW-000631_01640_10	9a3ee8b69f702906511ca88546b4d996	305	Pfam	PF03816	Cell envelope-related transcriptional attenuator domain	119	227	6.6E-11	T	12-04-2020	IPR004474	Cell envelope-related transcriptional attenuator domain	
BCW-000631_01640_10	9a3ee8b69f702906511ca88546b4d996	305	PANTHER	PTHR33392		6	290	1.1E-17	T	12-04-2020
BCW-000631_01640_10	9a3ee8b69f702906511ca88546b4d996	305	Gene3D	G3DSA:1.10.260.150		59	304	2.6E-21	T	12-04-2020
BCW-000270_01661_3	5a413b1fdd0e6742709bfb67df2b6d14	28	MobiDBLite	mobidb-lite	consensus disorder prediction	1	21	-	T	12-04-2020
BCW-000270_01661_3	5a413b1fdd0e6742709bfb67df2b6d14	28	MobiDBLite	mobidb-lite	consensus disorder prediction	1	28	-	T	12-04-2020
BCW-200077_01383_1	9f40a1c35d0e7cc1a48d10396d77859b	92	Pfam	PF04545	Sigma-70, region 4	28	75	5.2E-6	T	12-04-2020	IPR007630	RNA polymerase sigma-70 region 4	GO:0003700|GO:0006352|GO:0006355
BCW-200077_01383_1	9f40a1c35d0e7cc1a48d10396d77859b	92	Gene3D	G3DSA:1.10.10.10		3	88	1.9E-6	T	12-04-2020	IPR036388	Winged helix-like DNA-binding domain superfamily	
BCW-200077_01383_1	9f40a1c35d0e7cc1a48d10396d77859b	92	Coils	Coil		71	91	-	T	12-04-2020
BCW-200077_01383_1	9f40a1c35d0e7cc1a48d10396d77859b	92	SUPERFAMILY	SSF88659		6	80	5.89E-9	T	12-04-2020	IPR013324	RNA polymerase sigma factor, region 3/4-like	
BCW-200158_00031_1	904a02a90f6b7172ae55004768f51f5a	114	Gene3D	G3DSA:1.10.260.40		8	103	2.0E-10	T	12-04-2020
BCW-200158_00031_1	904a02a90f6b7172ae55004768f51f5a	114	SMART	SM00530		9	63	1.6E-6	T	12-04-2020	IPR001387	Cro/C1-type helix-turn-helix domain	GO:0043565
BCW-200158_00031_1	904a02a90f6b7172ae55004768f51f5a	114	CDD	cd00093	HTH_XRE	9	63	4.7504E-10	T	12-04-2020	IPR001387	Cro/C1-type helix-turn-helix domain	GO:0043565
BCW-200158_00031_1	904a02a90f6b7172ae55004768f51f5a	114	Pfam	PF01381	Helix-turn-helix	22	63	1.1E-5	T	12-04-2020	IPR001387	Cro/C1-type helix-turn-helix domain	GO:0043565
BCW-200158_00031_1	904a02a90f6b7172ae55004768f51f5a	114	ProSiteProfiles	PS50943	Cro/C1-type HTH domain profile.	10	63	10.798	T	12-04-2020	IPR001387	Cro/C1-type helix-turn-helix domain	GO:0043565
BCW-200158_00031_1	904a02a90f6b7172ae55004768f51f5a	114	SUPERFAMILY	SSF47413		3	68	2.48E-8	T	12-04-2020	IPR010982	Lambda repressor-like, DNA-binding domain superfamily	GO:0003677
BCW-000212_02096_4	0bc69f861233804236a6d30bbdd05dc0	241	PANTHER	PTHR10859		6	228	1.4E-40	T	12-04-2020
BCW-000212_02096_4	0bc69f861233804236a6d30bbdd05dc0	241	Pfam	PF00535	Glycosyl transferase family 2	9	173	4.2E-22	T	12-04-2020	IPR001173	Glycosyltransferase 2-like	
BCW-000212_02096_4	0bc69f861233804236a6d30bbdd05dc0	241	Gene3D	G3DSA:3.90.550.10		1	237	2.5E-33	T	12-04-2020	IPR029044	Nucleotide-diphospho-sugar transferases	
BCW-000212_02096_4	0bc69f861233804236a6d30bbdd05dc0	241	CDD	cd04179	DPM_DPG-synthase_like	8	189	1.94198E-49	T	12-04-2020
BCW-000212_02096_4	0bc69f861233804236a6d30bbdd05dc0	241	SUPERFAMILY	SSF53448		3	220	3.45E-30	T	12-04-2020	IPR029044	Nucleotide-diphospho-sugar transferases	
BCW-000270_02283_4	a12b00034bcbb6b6020a33df3bbe546b	450	Pfam	PF09524	Conserved phage C-terminus (Phg_2220_C)	345	416	2.6E-6	T	12-04-2020	IPR011741	Phage conserved hypothetical protein, C-terminal	
BCW-000270_02283_4	a12b00034bcbb6b6020a33df3bbe546b	450	Pfam	PF01051	Initiator Replication protein	182	291	2.4E-7	T	12-04-2020	IPR000525	Initiator Rep protein	GO:0003887|GO:0006270
BCW-000270_02283_4	a12b00034bcbb6b6020a33df3bbe546b	450	Gene3D	G3DSA:1.10.10.10		190	297	1.5E-5	T	12-04-2020	IPR036388	Winged helix-like DNA-binding domain superfamily	
BCW-000270_02283_4	a12b00034bcbb6b6020a33df3bbe546b	450	SUPERFAMILY	SSF46785		181	292	5.3E-9	T	12-04-2020	IPR036390	Winged helix DNA-binding domain superfamily	
BCW-000541_01468_10	6e031a1c2075d983c8f0e1e6dd4d0b29	409	PANTHER	PTHR30061:SF21		12	407	1.3E-32	T	12-04-2020
BCW-000541_01468_10	6e031a1c2075d983c8f0e1e6dd4d0b29	409	Gene3D	G3DSA:3.40.190.10		155	384	2.7E-93	T	12-04-2020
BCW-000541_01468_10	6e031a1c2075d983c8f0e1e6dd4d0b29	409	ProSiteProfiles	PS51257	Prokaryotic membrane lipoprotein lipid attachment site profile.	1	23	7.0	T	12-04-2020
BCW-000541_01468_10	6e031a1c2075d983c8f0e1e6dd4d0b29	409	PANTHER	PTHR30061		12	407	1.3E-32	T	12-04-2020
BCW-000541_01468_10	6e031a1c2075d983c8f0e1e6dd4d0b29	409	SUPERFAMILY	SSF53850		43	387	1.46E-57	T	12-04-2020
BCW-000541_01468_10	6e031a1c2075d983c8f0e1e6dd4d0b29	409	Gene3D	G3DSA:3.40.190.10		66	367	2.7E-93	T	12-04-2020
BCW-000541_01468_10	6e031a1c2075d983c8f0e1e6dd4d0b29	409	Pfam	PF13416	Bacterial extracellular solute-binding protein	60	350	2.1E-36	T	12-04-2020	IPR006059	Bacterial extracellular solute-binding protein	
BCW-000541_01468_10	6e031a1c2075d983c8f0e1e6dd4d0b29	409	CDD	cd13655	PBP2_oligosaccharide_1	44	400	2.39789E-150	T	12-04-2020
BCW-200077_02575_5	e8a9886642aa9e81ffdf3d48df3ad34b	396	SUPERFAMILY	SSF56349		70	387	1.5E-58	T	12-04-2020	IPR011010	DNA breaking-rejoining enzyme, catalytic core	GO:0003677
BCW-200077_02575_5	e8a9886642aa9e81ffdf3d48df3ad34b	396	PANTHER	PTHR30349		6	390	1.2E-45	T	12-04-2020
BCW-200077_02575_5	e8a9886642aa9e81ffdf3d48df3ad34b	396	Gene3D	G3DSA:1.10.443.10		190	394	3.4E-47	T	12-04-2020	IPR013762	Integrase-like, catalytic domain superfamily	GO:0003677|GO:0006310|GO:0015074
BCW-200077_02575_5	e8a9886642aa9e81ffdf3d48df3ad34b	396	Pfam	PF00589	Phage integrase family	190	379	2.9E-26	T	12-04-2020	IPR002104	Integrase, catalytic domain	GO:0003677|GO:0006310|GO:0015074
BCW-200077_02575_5	e8a9886642aa9e81ffdf3d48df3ad34b	396	CDD	cd01189	INT_ICEBs1_C_like	194	376	2.22516E-43	T	12-04-2020
BCW-200077_02575_5	e8a9886642aa9e81ffdf3d48df3ad34b	396	Pfam	PF14659	Phage integrase, N-terminal SAM-like domain	70	126	1.6E-12	T	12-04-2020	IPR004107	Integrase, SAM-like, N-terminal	GO:0003677|GO:0015074
BCW-200077_02575_5	e8a9886642aa9e81ffdf3d48df3ad34b	396	PANTHER	PTHR30349:SF55		6	390	1.2E-45	T	12-04-2020
BCW-200077_02575_5	e8a9886642aa9e81ffdf3d48df3ad34b	396	Gene3D	G3DSA:1.10.150.130		68	189	1.0E-14	T	12-04-2020	IPR010998	Integrase/recombinase, N-terminal	
BCW-000212_00930_5	677a4ebf6823e79fb83d11aed036099e	33	MobiDBLite	mobidb-lite	consensus disorder prediction	1	33	-	T	12-04-2020
BCW-000270_01174_7	6a30cdaf64fa4772b72e1705740ad054	281	PANTHER	PTHR43976		2	274	2.7E-80	T	12-04-2020
BCW-000270_01174_7	6a30cdaf64fa4772b72e1705740ad054	281	PRINTS	PR00081	Glucose/ribitol dehydrogenase family signature	122	138	3.6E-22	T	12-04-2020	IPR002347	Short-chain dehydrogenase/reductase SDR	
BCW-000270_01174_7	6a30cdaf64fa4772b72e1705740ad054	281	PRINTS	PR00081	Glucose/ribitol dehydrogenase family signature	75	86	3.6E-22	T	12-04-2020	IPR002347	Short-chain dehydrogenase/reductase SDR	
BCW-000270_01174_7	6a30cdaf64fa4772b72e1705740ad054	281	PRINTS	PR00081	Glucose/ribitol dehydrogenase family signature	169	186	3.6E-22	T	12-04-2020	IPR002347	Short-chain dehydrogenase/reductase SDR	
BCW-000270_01174_7	6a30cdaf64fa4772b72e1705740ad054	281	PRINTS	PR00081	Glucose/ribitol dehydrogenase family signature	6	23	3.6E-22	T	12-04-2020	IPR002347	Short-chain dehydrogenase/reductase SDR	
BCW-000270_01174_7	6a30cdaf64fa4772b72e1705740ad054	281	PRINTS	PR00081	Glucose/ribitol dehydrogenase family signature	148	167	3.6E-22	T	12-04-2020	IPR002347	Short-chain dehydrogenase/reductase SDR	
BCW-000270_01174_7	6a30cdaf64fa4772b72e1705740ad054	281	Pfam	PF00106	short chain dehydrogenase	6	191	4.2E-48	T	12-04-2020	IPR002347	Short-chain dehydrogenase/reductase SDR	
BCW-000270_01174_7	6a30cdaf64fa4772b72e1705740ad054	281	PRINTS	PR00080	Short-chain dehydrogenase/reductase (SDR) superfamily signature	75	86	8.4E-8	T	12-04-2020	IPR002347	Short-chain dehydrogenase/reductase SDR	
BCW-000270_01174_7	6a30cdaf64fa4772b72e1705740ad054	281	PRINTS	PR00080	Short-chain dehydrogenase/reductase (SDR) superfamily signature	128	136	8.4E-8	T	12-04-2020	IPR002347	Short-chain dehydrogenase/reductase SDR	
BCW-000270_01174_7	6a30cdaf64fa4772b72e1705740ad054	281	PRINTS	PR00080	Short-chain dehydrogenase/reductase (SDR) superfamily signature	148	167	8.4E-8	T	12-04-2020	IPR002347	Short-chain dehydrogenase/reductase SDR	
BCW-000270_01174_7	6a30cdaf64fa4772b72e1705740ad054	281	SUPERFAMILY	SSF51735		3	245	4.66E-56	T	12-04-2020	IPR036291	NAD(P)-binding domain superfamily	
BCW-000270_01174_7	6a30cdaf64fa4772b72e1705740ad054	281	CDD	cd05374	17beta-HSD-like_SDR_c	6	248	3.99773E-97	T	12-04-2020
BCW-000270_01174_7	6a30cdaf64fa4772b72e1705740ad054	281	Gene3D	G3DSA:3.40.50.720		1	277	3.8E-68	T	12-04-2020
BCW-000212_01045_7	3078ff55a5d7435a7a53c5c41ee74773	47	MobiDBLite	mobidb-lite	consensus disorder prediction	33	47	-	T	12-04-2020
BCW-000212_01045_7	3078ff55a5d7435a7a53c5c41ee74773	47	MobiDBLite	mobidb-lite	consensus disorder prediction	1	47	-	T	12-04-2020
BCW-000270_01540_5	b74fe7b4cc226596eccc7fd4080990a4	207	Pfam	PF00857	Isochorismatase family	7	191	4.1E-31	T	12-04-2020	IPR000868	Isochorismatase-like	GO:0003824
BCW-000270_01540_5	b74fe7b4cc226596eccc7fd4080990a4	207	PANTHER	PTHR11080		1	203	1.6E-23	T	12-04-2020
BCW-000270_01540_5	b74fe7b4cc226596eccc7fd4080990a4	207	Gene3D	G3DSA:3.40.50.850		2	207	1.2E-35	T	12-04-2020	IPR036380	Isochorismatase-like superfamily	GO:0003824
BCW-000270_01540_5	b74fe7b4cc226596eccc7fd4080990a4	207	SUPERFAMILY	SSF52499		2	207	7.06E-38	T	12-04-2020	IPR036380	Isochorismatase-like superfamily	GO:0003824
BCW-000270_01540_5	b74fe7b4cc226596eccc7fd4080990a4	207	PANTHER	PTHR11080:SF54		1	203	1.6E-23	T	12-04-2020
BCW-000270_01540_5	b74fe7b4cc226596eccc7fd4080990a4	207	CDD	cd00431	cysteine_hydrolases	8	191	2.06778E-31	T	12-04-2020
BCW-000270_01229_3	d6229ff714c53500f352bea836f92a68	185	MobiDBLite	mobidb-lite	consensus disorder prediction	10	42	-	T	12-04-2020
BCW-000270_01229_3	d6229ff714c53500f352bea836f92a68	185	MobiDBLite	mobidb-lite	consensus disorder prediction	1	56	-	T	12-04-2020
BCW-000212_00930_3	1e0ef6a12808a265e6c4a05ce4711445	175	Pfam	PF00440	Bacterial regulatory proteins, tetR family	29	59	4.5E-8	T	12-04-2020	IPR001647	DNA-binding HTH domain, TetR-type	GO:0003677
BCW-000212_00930_3	1e0ef6a12808a265e6c4a05ce4711445	175	Gene3D	G3DSA:1.10.357.10		8	175	1.1E-20	T	12-04-2020
BCW-000212_00930_3	1e0ef6a12808a265e6c4a05ce4711445	175	SUPERFAMILY	SSF46689		6	72	1.84E-13	T	12-04-2020	IPR009057	Homeobox-like domain superfamily	GO:0003677
BCW-000212_00930_3	1e0ef6a12808a265e6c4a05ce4711445	175	ProSiteProfiles	PS50977	TetR-type HTH domain profile.	8	68	17.187	T	12-04-2020	IPR001647	DNA-binding HTH domain, TetR-type	GO:0003677
BCW-200051_01175_12	457e066c07e8f72810e9fbf4a608828e	358	Gene3D	G3DSA:3.40.50.300		111	343	7.1E-17	T	12-04-2020
BCW-200051_01175_12	457e066c07e8f72810e9fbf4a608828e	358	ProSiteProfiles	PS50901	FtsK domain profile.	129	310	20.462	T	12-04-2020	IPR002543	FtsK domain	GO:0000166|GO:0003677|GO:0005524
BCW-200051_01175_12	457e066c07e8f72810e9fbf4a608828e	358	SUPERFAMILY	SSF52540		131	336	1.42E-12	T	12-04-2020	IPR027417	P-loop containing nucleoside triphosphate hydrolase	
BCW-200051_01175_12	457e066c07e8f72810e9fbf4a608828e	358	CDD	cd00267	ABC_ATPase	127	283	0.0042925	T	12-04-2020
BCW-200128_00388_7	643e604de8b70ca2dfea40ef52c540c4	631	Gene3D	G3DSA:3.30.565.10		11	201	2.2E-27	T	12-04-2020	IPR036890	Histidine kinase/HSP90-like ATPase superfamily	
BCW-200128_00388_7	643e604de8b70ca2dfea40ef52c540c4	631	SUPERFAMILY	SSF55874		15	137	3.01E-21	T	12-04-2020	IPR036890	Histidine kinase/HSP90-like ATPase superfamily	
BCW-200128_00388_7	643e604de8b70ca2dfea40ef52c540c4	631	CDD	cd00075	HATPase_c	32	91	6.28824E-5	T	12-04-2020	IPR003594	Histidine kinase/HSP90-like ATPase	
BCW-200128_00388_7	643e604de8b70ca2dfea40ef52c540c4	631	Pfam	PF13589	Histidine kinase-, DNA gyrase B-, and HSP90-like ATPase	30	156	1.0E-23	T	12-04-2020
BCW-200077_01682_4	12fdfb89f97faef4167c2e0a83e63499	117	MobiDBLite	mobidb-lite	consensus disorder prediction	1	117	-	T	12-04-2020
BCW-000212_00736_5	dceeda5129bf329bcad1682e2bbd6742	237	Pfam	PF01027	Inhibitor of apoptosis-promoting Bax1	19	229	1.1E-48	T	12-04-2020	IPR006214	Bax inhibitor 1-related	
BCW-000212_00736_5	dceeda5129bf329bcad1682e2bbd6742	237	PANTHER	PTHR23291		4	236	1.9E-55	T	12-04-2020	IPR006214	Bax inhibitor 1-related	
BCW-000212_00736_5	dceeda5129bf329bcad1682e2bbd6742	237	PANTHER	PTHR23291:SF75		4	236	1.9E-55	T	12-04-2020
BCW-000212_00736_5	dceeda5129bf329bcad1682e2bbd6742	237	CDD	cd10432	BI-1-like_bacterial	17	230	1.63184E-56	T	12-04-2020
BCW-200077_00119_8	b7128f60ba010aed678ffc8c6928a4b1	373	Pfam	PF14907	Uncharacterised nucleotidyltransferase	51	310	3.3E-25	T	12-04-2020	IPR039498	Uncharacterised nucleotidyltransferase	
BCW-000212_01470_2	c07998e2ab181ffcac28b815788b2a25	80	PANTHER	PTHR33884		1	75	8.1E-13	T	12-04-2020	IPR007341	Transglycosylase-associated protein	GO:0016021
BCW-000212_01470_2	c07998e2ab181ffcac28b815788b2a25	80	PANTHER	PTHR33884:SF3		1	75	8.1E-13	T	12-04-2020
BCW-000212_01470_2	c07998e2ab181ffcac28b815788b2a25	80	Pfam	PF04226	Transglycosylase associated protein	31	74	3.9E-12	T	12-04-2020	IPR007341	Transglycosylase-associated protein	GO:0016021
BCW-000273_01420_4	ff81afbe7ade1c7403e59da610e8a06b	94	Gene3D	G3DSA:2.60.40.1180		17	94	1.5E-6	T	12-04-2020	IPR013780	Glycosyl hydrolase, all-beta	
BCW-000212_00313_1	ffd46cbea5a97495aa42a632a2da5f0b	124	Pfam	PF06356	Protein of unknown function (DUF1064)	8	115	1.3E-29	T	12-04-2020	IPR009414	Protein of unknown function DUF1064	
BCW-200077_01155_9	122dca9098cae236db7e2b0594f92b71	528	Pfam	PF04230	Polysaccharide pyruvyl transferase	36	317	3.4E-15	T	12-04-2020	IPR007345	Polysaccharide pyruvyl transferase	
BCW-200051_00193_9	ef9b3eff32ab68f1d68052cabc2c716c	42	MobiDBLite	mobidb-lite	consensus disorder prediction	16	42	-	T	12-04-2020
BCW-200051_00193_9	ef9b3eff32ab68f1d68052cabc2c716c	42	MobiDBLite	mobidb-lite	consensus disorder prediction	16	36	-	T	12-04-2020
BCW-000212_00841_7	f5ea821b008dd3e4569f629d0d740994	28	MobiDBLite	mobidb-lite	consensus disorder prediction	8	28	-	T	12-04-2020
BCW-000212_00841_7	f5ea821b008dd3e4569f629d0d740994	28	MobiDBLite	mobidb-lite	consensus disorder prediction	1	28	-	T	12-04-2020
BCW-200051_00193_15	4b590de807e91364959797351371b048	50	MobiDBLite	mobidb-lite	consensus disorder prediction	1	20	-	T	12-04-2020
BCW-200077_01770_2	9ff2e9d57eb1557c1cb78bb24261498d	56	Coils	Coil		27	54	-	T	12-04-2020
BCW-200121_00225_4	2cb0ab66d002d5ea869afc65c9d96cb3	136	MobiDBLite	mobidb-lite	consensus disorder prediction	114	136	-	T	12-04-2020
BCW-200188_00052_3	87c342ea34d8a8b046a0befef231b325	186	MobiDBLite	mobidb-lite	consensus disorder prediction	10	38	-	T	12-04-2020
BCW-200188_00052_3	87c342ea34d8a8b046a0befef231b325	186	Coils	Coil		19	39	-	T	12-04-2020
BCW-200188_00052_3	87c342ea34d8a8b046a0befef231b325	186	MobiDBLite	mobidb-lite	consensus disorder prediction	1	38	-	T	12-04-2020
BCW-200077_02073_14	19e53d842ef5f1c2ce819c8fbd7a5fb6	44	MobiDBLite	mobidb-lite	consensus disorder prediction	1	29	-	T	12-04-2020
BCW-200077_02073_14	19e53d842ef5f1c2ce819c8fbd7a5fb6	44	MobiDBLite	mobidb-lite	consensus disorder prediction	1	17	-	T	12-04-2020
BCW-000607_01134_2	61d0dbf198e9f8f77b5d34354e4c7e2d	124	PANTHER	PTHR34297:SF3		13	99	1.7E-27	T	12-04-2020
BCW-000607_01134_2	61d0dbf198e9f8f77b5d34354e4c7e2d	124	Pfam	PF03780	Asp23 family, cell envelope-related function	12	75	1.8E-17	T	12-04-2020	IPR005531	Alkaline shock protein Asp23	
BCW-000607_01134_2	61d0dbf198e9f8f77b5d34354e4c7e2d	124	PANTHER	PTHR34297		13	99	1.7E-27	T	12-04-2020	IPR005531	Alkaline shock protein Asp23	
BCW-000212_00736_11	6d23f1e95761d5a68fc74341614153ee	27	MobiDBLite	mobidb-lite	consensus disorder prediction	12	27	-	T	12-04-2020
BCW-000212_00736_11	6d23f1e95761d5a68fc74341614153ee	27	MobiDBLite	mobidb-lite	consensus disorder prediction	1	27	-	T	12-04-2020
BCW-200077_00119_16	f5ad3fa2132c2ef53336e9c37ade330a	82	MobiDBLite	mobidb-lite	consensus disorder prediction	15	55	-	T	12-04-2020
BCW-000212_01045_10	1c40ee57da9356c734ae6ce54b1f6b6e	660	Pfam	PF07242	Protein of unknown function (DUF1430)	560	659	1.3E-20	T	12-04-2020	IPR006541	Bacteriocin-associated integral membrane protein	
BCW-000212_01045_10	1c40ee57da9356c734ae6ce54b1f6b6e	660	PIRSF	PIRSF031601		3	660	2.6E-192	T	12-04-2020	IPR016976	Uncharacterised conserved protein UCP031601	
BCW-000212_01045_10	1c40ee57da9356c734ae6ce54b1f6b6e	660	TIGRFAM	TIGR01654	bact_immun_7tm: bacteriocin-associated integral membrane protein	3	659	6.7E-66	T	12-04-2020	IPR006541	Bacteriocin-associated integral membrane protein	
BCW-200158_00205_3	d9d4c0b7253c3f609e84535f8026a433	83	Gene3D	G3DSA:3.10.180.10		10	81	3.4E-8	T	12-04-2020	IPR029068	Glyoxalase/Bleomycin resistance protein/Dihydroxybiphenyl dioxygenase	
BCW-200158_00205_3	d9d4c0b7253c3f609e84535f8026a433	83	SUPERFAMILY	SSF54593		6	77	1.55E-7	T	12-04-2020	IPR029068	Glyoxalase/Bleomycin resistance protein/Dihydroxybiphenyl dioxygenase	
BCW-200051_00659_14	342e24374e25cfc433eb381c5360721b	635	MobiDBLite	mobidb-lite	consensus disorder prediction	436	472	-	T	12-04-2020
BCW-000212_00841_5	8f7e885151dcc3f00564962fceffc09e	27	MobiDBLite	mobidb-lite	consensus disorder prediction	1	27	-	T	12-04-2020
BCW-000271_01119_5	9042c2929972e32253aac3ee579a9cea	38	MobiDBLite	mobidb-lite	consensus disorder prediction	1	22	-	T	12-04-2020
BCW-200150_00379_4	eb71d82dab5302e4066ded74890ff530	108	TIGRFAM	TIGR01653	lactococcin_972: bacteriocin, lactococcin 972 family	1	99	1.5E-23	T	12-04-2020	IPR006540	Bacteriocin, lactococcin 972	
BCW-000541_01469_24	e94f563fb04611b182a936655de6ba57	90	MobiDBLite	mobidb-lite	consensus disorder prediction	71	90	-	T	12-04-2020
BCW-000631_00852_3	2828da21401ced9ee8eb0846418c0604	263	ProSiteProfiles	PS51257	Prokaryotic membrane lipoprotein lipid attachment site profile.	1	20	6.0	T	12-04-2020
BCW-000631_00852_3	2828da21401ced9ee8eb0846418c0604	263	MobiDBLite	mobidb-lite	consensus disorder prediction	23	71	-	T	12-04-2020
BCW-000689_01523_1	ec2667ef57f23b38241db47076562bdf	66	Pfam	PF07868	Protein of unknown function (DUF1655)	10	64	7.4E-39	T	12-04-2020	IPR012450	Bacteriophage bIL310, Orf15	
BCW-200158_01858_2	0e191226f0a0fd411376e367b9431ff2	45	Pfam	PF04369	Lactococcin-like family	1	22	3.0E-7	T	12-04-2020	IPR007464	Bacteriocin, class IId	GO:0005576|GO:0042742
BCW-200158_01858_2	0e191226f0a0fd411376e367b9431ff2	45	TIGRFAM	TIGR01847	bacteriocin_sig: bacteriocin-type signal sequence	7	21	3.9E-4	T	12-04-2020	IPR010133	Bacteriocin-type signal sequence	
BCW-000212_00683_7	91a8ef61429899c09fddbd0159c87443	30	MobiDBLite	mobidb-lite	consensus disorder prediction	1	30	-	T	12-04-2020
BCW-000273_00080_2	4598b275735f7ef468c007b82a471b2e	62	Pfam	PF10031	Small integral membrane protein (DUF2273)	3	49	8.5E-16	T	12-04-2020	IPR018730	Protein of unknown function DUF2273	
BCW-200051_00184_7	f7abb52e75c79d6ddbddbd5fa2ec2903	41	MobiDBLite	mobidb-lite	consensus disorder prediction	21	41	-	T	12-04-2020
BCW-000271_00827_2	9f97626f97f956a232e7ceacd51a30c8	140	Pfam	PF05263	Protein of unknown function (DUF722)	1	134	1.0E-46	T	12-04-2020	IPR007927	Protein of unknown function DUF722	
BCW-200051_00187_22	c1f78cf134fe9adcb12357bccad41014	55	Coils	Coil		13	33	-	T	12-04-2020
BCW-000270_00373_6	689da83baa900a2e59fc3ce01fbad98e	308	SUPERFAMILY	SSF51445		49	280	2.92E-20	T	12-04-2020	IPR017853	Glycoside hydrolase superfamily	
BCW-000270_00373_6	689da83baa900a2e59fc3ce01fbad98e	308	Gene3D	G3DSA:3.20.20.80		1	307	1.1E-84	T	12-04-2020
BCW-200121_00225_3	0b31fb24f910b81163b0daa9597771a6	31	MobiDBLite	mobidb-lite	consensus disorder prediction	1	31	-	T	12-04-2020
BCW-000270_01840_13	fb9c537201e103e387cb0d30ea7e888f	62	MobiDBLite	mobidb-lite	consensus disorder prediction	43	62	-	T	12-04-2020
BCW-000273_00080_5	6b32753f1aaf8f41c1364a386b99c0ee	35	MobiDBLite	mobidb-lite	consensus disorder prediction	1	21	-	T	12-04-2020
BCW-200077_01770_1	941b48aa2d1285802ae6077ac8475e9d	35	Coils	Coil		15	35	-	T	12-04-2020
BCW-000270_01174_12	623ba052d0ecee282fc90cb653f21865	39	MobiDBLite	mobidb-lite	consensus disorder prediction	1	21	-	T	12-04-2020
BCW-200158_00532_5	00464f9b6a98490d2211f6b29fee4e40	81	MobiDBLite	mobidb-lite	consensus disorder prediction	1	44	-	T	12-04-2020
BCW-200051_01173_9	0dd22dbef4f1d4fe9541fe70408605b5	28	MobiDBLite	mobidb-lite	consensus disorder prediction	1	28	-	T	12-04-2020
